barcodes,xcoord,ycoord
TTGGACGTTTCAAT,3411.272727,2254.628099
CACGGCCATATTGC,4613.2,1476.2
CGCCCCCCACCCCT,4707.967742,1408.806452
CCCCCCCCATTGAA,5149.506329,2548.746835
CGCTTGGCATTTAC,4121.015625,2071.171875
CGTGAGTTTCTCCT,4015.358491,2927.792453
ATTCAGTCGCATTA,1999.537037,4174.777778
CCAACTCCCCTACT,4146.134328,1226.731343
TTAAGGCCTAGGCT,4282.266055,2882.779817
GACCTTCAGAGTAA,1661.597826,3514.98913
TGAAGGTTTTATGC,1781.770115,4430.333333
GCCGGATCTTCTTT,4605.227723,1490.425743
AACAGCGTTCCTTG,1920.569231,4403.169231
CTTCAAACATGTCA,4087.70073,3249.343066
AGACCCCCACGCCG,2065.982456,3026.596491
AAGTACCCGCCCTG,4574.882883,2635.216216
ACTCTTGCTCGCGC,3342.57377,1449.278689
GTAACCTAGATCTG,1606.680672,3603.932773
GTCATAACGACAGG,1799.530864,4008.209877
TGTATCTCCGAGTG,4975.697674,1796.488372
TCCAGCTGTTCGAA,4133.957983,3144.487395
GAACATGGGTATTG,5168.25,2557.789474
GCCAGTATCCGAAG,1681.010417,3540.958333
TGTTGTAGCTAAAG,3110,1160.2625
ATGCCTCAGTCCTG,2158.158879,4057.831776
ATAGGATATATCTT,3095.28972,1160.570093
TGCCTATATTACGC,3561.372222,1309.95
ATTTGGACGCATGC,3930.07563,3016.840336
AAGCCCCCCGAGCC,5354.777778,2220.722222
GTTAGGCGTCCCGC,5168.90566,1792.528302
CAGCGGGCGATTCC,2399.760274,3199.130137
TAGGGTGGGCTGTA,1275.543689,3729.048544
GGGGACGAATAGTG,1670.946903,3814.619469
CTCTCCTCATGTCT,3284.637037,1350.407407
GTAGATACAGATTC,4113.824176,2797.21978
CGGAAACTTGACAC,2876.798246,2457.254386
GATCCTGCATTGTT,2434.157895,4509.789474
TAAGGGTAGATTTT,3748.984375,2247.53125
GGCTCGAGTTTAAG,2865.632353,2317.536765
CTGGTTTCCCCTTG,2248.035461,3062.652482
TCTTACCATCAGTG,5127.96748,1642.552846
AGGAGGGTCCATTT,2464.95098,2829.303922
TTTGATACGCCAGT,2150.886792,4174.924528
TTGACCGTTCTTCC,4247.308333,1194.733333
TTCTCAGTCTCCTT,1762.921348,4606.179775
CATTTAATGTCGTG,2114.673913,3097.391304
CCCTTTCACAGCGA,2836.63964,2440.351351
CCTACCAAAGCTCT,4175.059524,3299.071429
AGAGGTTATCTCGA,3395.877049,2251.434426
TAATCGGAAGACTC,5275.656716,2485.716418
CTTGCACCTAGAAC,2047.038095,3076.914286
TACGGACAGTTACT,1805.061856,4818.597938
AATACTCACTCATT,3014.676056,1278.267606
GGCCTAACTCCACA,5158.376812,2345.985507
GCCCCGGAATCCCT,2027.621359,3997.533981
TCCCACGCCGCGTG,2361.92437,4474.848739
TACGGGTCAGTTCC,2481.358491,2756.726415
TATCTCCGTGCAAC,1599.376623,3992.935065
TGTAGGCTTCCCTT,3829.141176,2279.823529
GTCTGAGCACTGTC,2105.425926,2405.981481
TATTGCATCTCTGT,3557.809524,2408.301587
TAGCACATAATCCC,4061.595588,2322.919118
AAGCCTGACCGCAC,4792.901961,2133.441176
GTATGGAGCATACT,1797.816327,4695.693878
CAAACATGAGATTC,1305.457447,3790.117021
GTTTCCAATATTAG,2111.26087,3710.855072
CGGCTCCGTAGAAC,5339.189655,2420.068966
TAAGTTGTGAGGCC,2620.84,2727.95
GTGCCCCTATCCTG,4556.195876,2072.381443
ATGTGCCACATCGG,4272.132075,3162.113208
CCGCCGTCTCGATG,2929.590909,2225.386364
GAACTCAGTCTTGA,2903.031579,2275.842105
CAGCTCGTGCTTGA,4204.92381,1336.009524
GGCTGGCTGAGGCC,2397.481481,3388.055556
TAGGCTGAAGACTG,3113.294737,1122.021053
CTTCCGGCATGTCC,3792.613139,2258.642336
GCCCCCCATCTGCT,3344.559748,1374.283019
GATTGGTCCGGCTG,4056.47619,3032.642857
CCGATTGGAGATCA,4183.17757,1716.757009
AGCTTATTACGTTG,5264.564103,2472.525641
TGGCCTGGTTATCC,1370.680851,4172.585106
AAGGTATCTCAACA,3282.604651,1526.162791
CGTTACACACCTCA,2070.391304,4560.086957
TGGTTGAGCGATCT,1622.819277,4424.759036
GTGGAACCAGCCAA,4201.067961,3413.708738
GTTCTTAGATCCTT,1812.477273,3575.977273
CGGCCGTGCCCACC,3168.758333,2117.741667
TTCTGGTTTCTGGC,2307.728814,4313.067797
CTGATTGTGCTCAT,5287.342105,2475.684211
CACATATGCCTCCT,4344.443038,2733.924051
TATCTGTGAAGGAC,2047.981651,3715.33945
TGACATATTCATCT,3550.040404,1268.929293
CGGCTGGCTCGACC,4960.953488,1695.197674
AAGGCTCTACATCA,2030.6,2340.095238
TATGCCCAGGACAG,3920.147541,3439.02459
ATGAGTCCACATCT,4251.160584,1528.839416
ATCTTTCCTTCAAA,5021.540541,2466.378378
TAGTCCCCATCCGC,4955.401575,1479.582677
ACACTGATCTTGTC,3080.92126,1837.023622
CTTTTGCTCCGGAA,4737.852459,1814.639344