barcode,cluster,nUMI
Ib_M001_ATGCATGGTATCGTAC,1,3377
PFc_M001_GGTAGAGCAAAGCACG,1,2691
VI_F001_CCCGGAAGTTAAACCC,1,1649
AN1b_M006_GTCTACCAGCTTCGTA,1,2354
COPb_F002_CCGTGAGCATACGCAT,1,4630
III_F001_TTTGACTAGGATTTCC,1,3334
IXc_F002_AGGACGAGTCGTTCAA,1,4835
VIa_M006_CTTTCGGAGTCTTCCC,1,3103
AN2d_M006_ACCAAACTCACTGAAC,1,3055
SIMd_M002_CGATGCGCAGCAGAAC,1,2895
IV_M006_GTCCACTCATTGAGGG,1,2477
PRMf_M006_TGGGCGTCAATTAGGA,1,3001
VIIIb_F002_TGAGACTTCCAGCTCT,1,5017
AN1c_M002_AGGTTGTGTATTTCCT,1,4003
VIIb_M002_GTATTGGGTGGCTTAT,1,2677
I_M006_CTACGGGCATTAGGCT,1,3866
VIIIa_F002_AGAACCTGTATCGAGG,1,3333
Ib_M001_TCGAACAAGGGTCTTT,1,2915
AN2b_M002_TCCCATGGTCGCCTAG,1,3811
VIIIa_F002_CGTAGTACAAACTGCT,1,3148
Vl_M006_GGTGATTGTAGAATGT,1,3011
COPb_M002_CACTTCGAGATTGAGT,1,4044
PFa_M006_CCTTCAGTCGGTTAGT,1,5039
DECa_F002_AAGCCATCAGATACCT,1,5110
Ia_M001_GAGTGAGAGCACTAGG,1,3632
SIMa_M002_CATGGTAGTGGCACTC,2,3244
PRMc_M006_TAACTTCGTCCTTGTC,2,3663
SIMb_M002_AGGAGGTGTAGTATAG,2,3954
PFc_F002_GACCGTGCATCTATCT,2,5917
III_F001_TGACAGTAGACGCATG,2,3651
IXc_M003_CTAACCCGTTCAGTAC,2,2337
IIb_F001_GTTGTGAGTGACTAAA,2,2616
VIc_M002_TGGGAAGAGGCCGCTT,2,5533
Vb_M002_GAGTGAGTCGATTGGT,2,4867
SIMb_M006_TGATTTCAGTTTGCTG,2,5654
I_M006_TGTTACTAGATCACTC,2,3724
III_F001_CGATGGCGTTCCACAA,2,2802
I_M006_AACGGGACAGAACATA,2,4378
VIIIa_M001_TGAGACTCAATCGCGC,2,4688
IIb_M001_GTTTGGAGTGCATACT,2,977
VIc_M006_ACTATCTTCCAGCAAT,2,9493
VIIIa_M001_AGTGTTGGTGCTGATT,2,4392
IIa_M001_CAGATTGAGGCACAAC,2,2107
Ib_M001_ACTGCAAAGTCTTCCC,2,4248
PRMa_M006_CTTTCAACAGGTTCGC,2,3683
SIMa_M002_GACCAATAGCTTGTTG,2,3673
VIIIa_M001_CTGTAGATCCATTCAT,2,3981
SIM_F001_AACAAAGAGGTACAGC,2,2562
IXc_M006_TGATTTCCAAGTCCAT,2,5825
SIM_F001_TCGATTTAGAAGTCAT,2,1868
F_M006_CGAGTTACAGAAACCG,3,8294
F_M001_GTCTAGAAGAGTTCGG,3,1228
Xa_F001_TAAGTCGGTATACCTG,3,6715
DECb_M006_TTGGGCGGTGGTCTCG,3,4729
Va_M002_CTCCCTCAGGAACATT,3,10097
IXa_M003_TCATGCCAGACGAAGA,3,2688
VIb_M006_GAAACCTTCTTCTCAA,3,5974
Xb_F001_TCACGCTAGCCACCGT,3,7834
Ib_M001_TATTTCGAGGGTCTTT,3,5397
VIc_M006_ACTATCTAGGCTTTCA,3,5000
VIIb_F002_GATCCCTTCGTCAACA,3,8013
AN1b_M006_CACTGGGTCGCTTAAG,3,2428
IXa_M006_CCCGGAATCCTGTAAG,3,7335
Xa_F001_TGGTGATAGATTGGGC,3,4267
VIId_M002_TCTCACGAGAACAGGA,3,4956
IIIb_F001_GCAGCTGGTCAACGCC,3,6594
AN2a_F002_TGTCCTGTCCAGCAAT,3,3497
Ia_M001_ATTCCATCAGTTGAAA,3,4198
VIe_M002_AGGTCATGTTTCCATT,3,8495
SIMa_M002_CCTCCTCCAAGCTGTT,3,5221
Ib_M001_AGTGACTCAAGCTGCC,3,5780
IXc_F002_CCTCCTCTCGGACTTA,3,14951
X_M001_CTCCCTCAGTGTAGAT,3,2128
VIIb_M006_CCATAAGTCCACCCTA,3,7417
SIMd_M002_GTGATGTCATACAGGG,3,2987
I_F001_TCCCACAGTCTTCGAA,4,7866
PFa_M006_ATGTCCCTCGGTCTAA,4,11217
I_F001_ACCCTCACATGGACAG,4,5304
I_F001_CTCTCGATCATAAGGA,4,5552
PFa_M006_CAAAGAAGTTTACCAG,4,16538
PFa_M001_TCAATTCCAGACCGCT,4,8223
PFb_M001_CGGACACTCTCATGCC,4,2953
I_F001_ACGATGTCACCCTTGT,4,6671
Xa_M006_ATCACGACAAGCCATT,4,7554
I_F001_AGATCCAAGGAGCTGT,4,4642
I_F001_AACGGGAAGGTCTGGA,4,4284
PFa_M006_TAGACTGTCTTAGGAC,4,18695
I_F001_ACGGTTAAGCCGTCGT,4,3394
Xa_M006_ACTTCCGAGTGGATAT,4,2520
PFb_M006_TTCTAGTGTGCCGTAC,4,10478
PFa_M006_CGAGTGCGTTAGGCTT,4,12828
PFb_M001_CGAGTTAAGAGGTTAT,4,11351
PFb_M001_AGAACCTGTAGCTTGT,4,11497
PFa_M006_TGCTGAATCCTCTCGA,4,14710
Xa_M006_ACACGCGCAAATGCTC,4,2420
PFb_M006_GCTACCTAGCACGTCC,4,12365
PFa_M006_CGTTGGGCAGTCGAGA,4,6759
I_F001_AACCTTTGTGACCGAA,4,4269
IXc_M006_TGCGGGTGTGGTTCTA,4,7073
I_F001_CTGGCAGAGGGTTAGC,4,3330
Ib_M001_TCGACGGTCTCTTAAC,5,2269
PRMc_F002_TCATTTGCAGCTTCCT,5,4495
AN2a_M002_GCGGATCCAAGAGTAT,5,2946
IIb_M001_TCGCACTTCGTGGTAT,5,3192
VIIc_M002_AACGAAAGTAAGCTCT,5,3686
AN2b_M006_TATTGCTCACCGCTGA,5,1303
IIa_M001_GGGAAGTAGACTCTAC,5,2843
PRMc_M002_CCTTGTGGTCGATTAC,5,3209
AN2a_M002_CGAGTTATCCTACCAC,5,4046
IXa_M006_TGGTGATTCCAAGAGG,5,5515
PFc_M001_TACCCACCATGAATCC,5,3020
AN2b_F002_CCAATGAGTTAGTCGT,5,2166
AN2a_M006_GCAGGCTCACACGGAA,5,1228
AN2_M006_CCTCTAGGTTCTGACA,5,7302
IXb_M003_ATTCCTAGTAGCTGCC,5,1786
PFd_M001_GTCCCATGTCAGTCCG,5,2044
SIMd_M002_GACACGCGTATACCCA,5,2446
VId_M002_CATCCGTAGTTGAAAC,5,4461
PFc_M001_ACCAACAAGGCGTTAG,5,2042
PFc_M001_AATGGCTAGCATTTCG,5,1409
AN1b_M002_GAAGGACCAGTTTCGA,5,3369
VIIb_M006_CCGTGAGCACTGTCCT,5,2961
VIIc_M002_ACGTCCTCAAACGGCA,5,3589
CULb_M006_CCTAACCGTATGGTAA,5,4012
PFa_M006_CCTTTGGGTCTGTAAC,5,3838
PF_M006_CATGCAAGTCGCACAC,6,11990
IIb_F001_GCGATCGGTATGCGTT,6,1912
IXd_M006_GGAATGGAGAGAGTTT,6,4350
IXa_M003_GGGCCATAGTTTGGCT,6,1282
IXb_M006_CATCCGTGTCTCCCTA,6,3277
IXd_M006_TTAGTCTAGTAAACAC,6,6367
I_M006_ACAAGCTGTGTAGCAG,6,3026
IIb_F001_GGGACAAGTACGTGAG,6,1895
X_M001_GAGTTACCAGGACAGT,6,1934
IXa_M006_TGTAGACAGTTACGGG,6,5282
IXc_M003_TCCTAATTCGCCGTGA,6,1263
IIb_F001_TGGTAGTTCTATTTCG,6,2670
I_F001_ACGGTTAAGAGTTGCG,6,1798
IXb_M006_TTGCTGCGTCCACGCA,6,5811
I_M006_GACACGCGTGTCATTG,6,3829
Xa_M006_AGACACTCAGGAATAT,6,8426
IXa_M006_GCGGAAAAGATCCTAC,6,4167
I_F001_GCAACCGAGTGAGGTC,6,3108
IXa_M006_CCCAACTTCGAGAAAT,6,5724
IXb_M006_TGTGCGGCATCAACCA,6,4671
PFa_M006_AGACAAAGTCATTCCC,6,4716
Xa_M006_ATTTCTGGTCGGAAAC,6,2445
I_M006_TTATTGCGTCGAATGG,6,7814
IIa_M001_CCTACGTAGGGATCTG,6,2883
Xa_M006_CGATGCGAGCGACTAG,6,1891
PRMa_M006_CAATGACAGACCACGA,7,7414
PF_M006_CCGCAAGAGTAAAGCT,7,3235
COPb_M002_ATCGATGGTAACTGCT,7,10821
IV_M006_ATTTACCAGGGCGAAG,7,1398
PRMb_M002_TATATCCAGGTCACTT,7,8238
AN2b_M002_ACGTAGTCAGGCACTC,7,7790
AN2a_M002_TCTGTCGTCTCGGTCT,7,6533
PRMc_M006_GATCATGTCGCTTTAT,7,2113
PFa_M001_GCCAACGCATGTACGT,7,5487
AN1a_F002_ATATCCTCATGCGGTC,7,5692
AN2e_M006_TAGCACAGTAGGATAT,7,3976
AN1c_F002_GGAGAACTCACCTTAT,7,19360
PRMe_M002_TGGTACACAATGCTCA,7,790
PFd_M001_AGGTTACTCTCTGCTG,7,4398
VIIa_M006_TACCGAAAGCCTCTCT,7,3276
PFb_F002_GCTGCAGCACTCGATA,7,1765
CULb_M006_TCGCACTGTTCCCACT,7,3039
VIIb_M006_GCGGATCAGTGCAACG,7,5772
AN2d_M006_ACAAAGATCGCTTAAG,7,3883
PF_M006_GAAGGGTCACTTGGCG,7,10379
PF_M006_TTACCGCCACCTGCGA,7,2668
PRMa_M002_ACGATCATCTTGCAGA,7,5532
AN2a_M002_CAAGGGATCGTCCTCA,7,6038
PRMe_M002_GAGGCAAAGAGTGAAG,7,608
SIMd_M002_GTTCGCTGTACTGAGG,7,2033
Ib_M001_ATCCTATGTACCCAGC,8,4289
III_F001_CGCCATTGTCCAAATC,8,5308
Xb_F001_TGGGAGAGTTGTTGTG,8,6562
SIMa_M002_ATCGTGACAGCTCGGT,8,4280
IIb_M001_AGGTTGTCATGTTACG,8,4130
VId_M002_CCGATCTAGGAAAGTG,8,5441
Xb_F001_TCATGAGAGAAGTCTA,8,5340
SIMb_M006_AAAGTGATCTGGTTGA,8,7872
AN1b_F002_ATTCCCGGTGCGGTAA,8,7570
COPa_F002_CCGATGGAGTTGCCCG,8,10235
PRMb_M006_GATGGAGGTTGGCCTG,8,4536
PRMd_M006_ACAAGCTAGTATGACA,8,5527
VI_F001_AGTGCCGGTCGCATTA,8,2792
III_F001_TGACCCTTCGAACTCA,8,6187
I_M006_CAGCACGTCACGATAC,8,6014
III_F001_TGCAGGCCAAATCGTC,8,7229
AN2_M006_AGAGAATGTTAGTCGT,8,17525
III_F001_GAGTTACGTACACGCC,8,6143
AN2e_M006_GCGGATCTCCTATTTG,8,4847
PFc_M001_GACCAATCAAGCGATG,8,7400
AN1b_M006_GCGGATCCATCACCAA,8,5209
IIa_M001_ACCGTTCAGCAACCAG,8,4455
SIMa_M002_CAGTTCCGTTTCACTT,8,11800
IIb_M001_GAGTTACTCACGGAGA,8,3695
IIb_M001_AACCTTTCATACCATG,8,2914
SIM_F001_CATGCGGAGGGTGAGG,9,6267
IV_M006_GTGACGCTCTAGCAAC,9,5225
IXa_F002_TAGGTTGTCTGGGAGA,9,10477
PFc_M001_GATCGTAGTCCGATCG,9,14199
IXc_M003_GCGGATCGTCCCGTGA,9,1988
AN1c_F002_TTCCTTCAGTTCCAGT,9,13351
PFc_F002_TCACTATGTAGTCTGT,9,23593
PRMb_F002_CAGTTAGGTTAGTCGT,9,18073
VIIIa_M001_GTAACACGTTAGAGTA,9,15911
AN1c_M002_TCAAGCATCTGCGGCA,9,22606
PRMc_F002_ACTACGATCACCTCGT,9,13933
IXa_M003_TAATTCCAGGCAGGTT,9,7595
IIIa_M001_TGTTCATGTCGCGTCA,9,7095
IIb_F001_CTCTCAGCACTCCTGT,9,9908
DECa_F002_GCGAGAAGTCTAACTG,9,22504
PFc_M001_AGGAGGTCACTGGCCA,9,13646
Xb_F001_GACTCAAAGTGCACAG,9,7220
Vl_M006_GTTACAGAGTGGTTCT,9,9990
VIb_M002_ACTGATGGTGTGCTTA,9,14773
PFa_F002_TGGTAGTAGCATCTTG,9,28127
PFb_M001_TAACTTCGTCTGCAAT,9,13397
PRMc_M006_TGTTCCGTCCTTTGAT,9,8678
VIc_M006_ACTGATGCAGGAACCA,9,7363
IIb_F001_AGACCATAGCGCTTCG,9,11583
AN2b_M006_TCGCTCAGTGGCACTC,9,14117
VIIIb_M001_TATCTTGCACCTGTCT,10,3341
PFd_M001_AGGACGAGTGAGTAAT,10,2308
Ia_M001_GCAGCTGCACAAGCCC,10,7076
SIMc_M002_CTCCAACAGAGCCCAA,10,3154
VIc_M002_CCTCTCCTCCTACCGT,10,5699
DECa_F002_TTCGATTAGGTTATAG,10,3533
VIIb_M002_GACGTTACAAAGGCTG,10,1843
SIMa_M002_ATAGACCCATAGGTTC,10,2607
VI_F001_CCGGACAAGAGTTGCG,10,1188
IIIa_M001_GTAAGTCGTATCGTGT,10,1002
AN1a_F002_CATCAAGAGCCGTTAT,10,3262
VI_F001_TTGAGTGCACAAGTTC,10,1140
PFa_M001_AAGACAACAATACCTG,10,1412
AN1c_M002_CATCGTCGTGACCGTC,10,2382
VIc_M002_CTGTATTTCTCGACGG,10,3822
III_F001_GCGTGCACACTCAGAT,10,1729
VIIa_F002_CCGATGGGTGAGCTCC,10,1916
IIa_F001_GACTATGAGGTCGTAG,10,2586
CULb_M006_AGGACTTGTCGAGCTC,10,3432
PRMb_M006_GCTTGGGCATTGCTGA,10,1971
COPc_M002_TGCTCGTCATCGTGCG,10,1739
Xa_M006_TTGACCCAGTAAAGCT,10,3080
IIb_F001_ACCCTTGTCCTAGAGT,10,3488
DECc_M006_GAGTCATCAAGTGGAC,10,3602
PRMe_M006_CTCAGGGCACGCTGCA,10,2320
IIa_M001_TGTGTGATCTCGTCGT,11,5840
IV_M006_AGTCAACAGAAGCGCT,11,7000
PRMa_F002_GTTATGGTCATACGAC,11,17671
VIa_M002_ATACCTTAGTCTAACC,11,8077
Xa_F001_CATGCGGGTTCTCAGA,11,14366
AN2b_M002_GGGCTCAAGCCTGAAG,11,10223
AN1a_F002_ACTTCGCAGTTACTCG,11,3865
PFb_M001_ACCTGTCAGAAATTGC,11,10086
PFb_M001_CTGTCGTGTGACACAG,11,10589
VIIb_M006_CAAAGAATCGCGATCG,11,11803
IIIb_F001_TTATTGCAGAACAGGA,11,9226
VIIb_F002_GCCGTGACATTATGCG,11,7116
DECa_M006_CAGATCATCGAGTTGT,11,17287
PFa_F002_AACAGGGCAATACCCA,11,15984
X_M001_CCCGAAGCAAGCGGAT,11,4542
VIc_M006_GTCATGAAGGTATCTC,11,8015
Ia_M001_TTACGTTCACCAGTAT,11,7607
IXa_F002_TGAGACTTCTAAGAAG,11,10697
VIIb_M002_ATTCCCGCAGTCGGAA,11,6344
VIIb_M002_CTCCATGAGATGCAGC,11,9560
Xb_F001_CGATGCGTCCACCCTA,11,6314
COPa_F002_TTGCCTGGTCGTGTTA,11,9658
Fc_M006_TCGCACTTCGCTGCGA,11,6645
VIIIb_M001_CAGCAATCAAATCGGG,11,6590
AN2b_F002_GGGCTCAGTAGGTACG,11,11877
VIc_M002_AGGAAATGTCTCACAA,12,2075
AN2b_F002_TCATGCCCATGGCACC,12,2480
SIM_F001_CAGTTCCAGAGGTCAC,12,2022
SIMa_M002_TTCAATCTCGAAACAA,12,2681
PRMe_M002_CTGCCATTCCGCGGAT,12,2512
SIMa_M006_CCGGGTACAGGGACTA,12,1990
DECc_M006_GTAGGAGTCAACCCGG,12,2423
PRMb_M002_TCCATGCTCTACAGGT,12,2787
PRMd_M002_CCAATTTGTATCAGCT,12,938
PFd_M001_GAATCACCAGGCACAA,12,2528
AN2b_F002_CCTCCTCTCGGAATGG,12,2183
AN2b_F002_GTGCACGTCAGAGCGA,12,1958
VIIIc_F002_CGTGATATCTCTGGTC,12,2623
VIb_M002_ATCATTCAGTATCTGC,12,3427
PRMa_M002_TGGGCGTTCGATCCAA,12,1414
PF_M006_CAGATCATCGCTAAAC,12,3465
VIe_M002_GCAGCCATCGCAGTCG,12,4234
VIIa_M006_AATTCCTAGTAACGTA,12,2524
IXc_M003_AGAGCCCTCATTGCGA,12,790
PFb_F002_CACGAATGTGTAACGG,12,3079
VIa_M002_CGTAAGTCATGGTACT,12,2348
COPa_M002_GGTGTTAAGCTGTTAC,12,2427
Ia_M001_ACTTTCAGTATTCCGA,12,1664
I_M006_TCACACCAGTGTAGAT,12,2381
VI_F001_TAATTCCTCGTAGCCG,12,1614
VIIIb_F002_ACATTTCCATTGGATC,13,1909
SIM_F001_AGCTCAAGTCAATGGG,13,988
Vc_M002_TAGTGCACATGGAGAC,13,2601
AN2c_M006_TTTGGAGTCATGCGGC,13,1655
Vc_M002_CTACCCAGTGTCTAAC,13,3586
Vb_M002_GATTCTTCATTCACCC,13,2945
Va_M002_GTTTGGAGTTGCCATA,13,2417
Vb_M002_TCTACCGTCAAGAATG,13,3499
VIb_M006_CCTCCAAGTGAACCGA,13,2049
Xa_F001_CCACCATTCCCAGCGA,13,2064
PFb_F002_TGACAGTAGCCTCTCT,13,3096
VIIId_F002_GAGTGAGCAACACTAC,13,2049
VIIIb_M001_GTTTACTCACTGCTTC,13,2406
AN2c_M002_TATATCCTCAGTCTTT,13,2729
PFb_M006_TAGCACATCTTCTGTA,13,2986
AN2a_M006_AGTCAACTCATCACCC,13,1552
IIb_F001_GTAGGAGAGGCGACAT,13,1342
DECb_M006_GTGAGCCAGGAACATT,13,2326
VIIIb_M001_CGTAGTACAAATGCGG,13,1552
AN2a_M002_AGGATAATCACTAGCA,13,2067
F_M001_TCTCCGAAGCAGCAGT,13,817
VIIIb_F002_TCATTACGTCGAAACG,13,1431
Fa_M006_AGCGATTCAAATACAG,13,2779
COP_M006_AAGTGAAGTTGTGGCC,13,1803
AN2c_M006_AACAGGGAGTGCCAGA,13,1431
IXa_M003_TGGTTAGCAGCTTTCC,14,2261
PF_M006_CCTCACATCGGACCAC,14,5539
Vc_M002_CTCCACAAGCGGCTCT,14,11180
AN1b_M006_TGTCCCACATCGGCCA,14,3529
SIM_F001_TGGTAGTTCGCGTTTC,14,3056
IXb_F002_CACCGTTGTGAGTGAC,14,6485
VIIIc_F002_CTCTCGAAGAGTGTGC,14,5966
AN2c_M002_CTGCTCAGTCGATTTG,14,6341
AN2b_M002_TTCATGTGTTACAGCT,14,6897
VIId_M002_GGTGAAGCAAGGTACG,14,3834
VIIIc_F002_CCACCATTCACCTGTC,14,6866
IV_M006_CCTCACACAAAGAGTT,14,3856
VIc_M002_AGGATCTAGGTATTGA,14,7943
AN2a_M006_TCGTAGAAGCTCTGTA,14,2517
AN2a_M006_AGATCCATCAATGTCG,14,5816
IIa_F001_GTTAGACCATCTATCT,14,6914
COPa_F002_CTCCACAGTCTATGAC,14,11857
IXa_M003_AGGCCACGTCGCGTCA,14,2003
VIa_M006_CACTTCGAGAAACTAC,14,7318
IXa_M003_GTAGGAGCAATAGTCC,14,2231
PRMe_M006_AGTCTCCAGAGAGTGA,14,4287
PRMb_M002_CTACAGAGTATCGTAC,14,5187
VI_F001_AACAAAGAGGCTGTAG,14,2795
IIIb_F001_CTGCTCAAGCCTAACT,14,3601
IIIb_F001_GTGGAAGCAGCATTGT,14,3051
F_F001_TGTGTGAAGCCACAAG,15,4957
AN2a_M002_TGGTAGTGTGGATCGA,15,5236
I_F001_TTCTTGATCCCGATCT,15,2703
AN1a_M006_GTGGGAAGTACGACAG,15,3450
PFc_F002_AACCATGGTCATGCAT,15,9573
VIIIa_F002_CGTTCTGTCGATACTG,15,7785
VIb_M006_TCTGCCAAGGACAGTC,15,3808
VIb_M006_ATTCTTGCAACTGGTT,15,3440
VIb_M006_GGATCTAAGGATTCCT,15,3720
AN1b_M002_TACCGAATCAGCGTCG,15,4179
II_M006_AGTGACTGTCAGGAGT,15,8006
VI_F001_AACACACGTGACTAAA,15,2688
IIa_M001_AGGGTGATCTATCGGA,15,3410
VIIId_F002_TGTTACTAGCCTCTTC,15,8110
IXc_M003_AGACACTTCCCAGCGA,15,3206
AN2c_F002_CCGTGAGAGGCACCAA,15,6956
VIc_M002_TCTATCATCCATAGGT,15,4358
VIb_M002_ACCATTTAGACTTCCA,15,6529
SIM_F001_TTCGGTCCATGTGTCA,15,2370
VIb_M006_CTCATTATCAGCCCAG,15,5334
IXb_M003_ACACTGATCATGACAC,15,4486
IIb_M001_TTGGGCGCACAATTCG,15,4673
F_M006_GGAGCAAAGCTAATCC,15,9530
IIIa_M001_TGCGGGTCACACACTA,15,2934
Vb_M002_GTCATCCCAGCTGTTA,15,9395
PF_M006_CCATAAGAGATCCTAC,16,6432
AN1c_M002_GCGGAAATCACTCGAA,16,4042
PF_M006_AGACCATGTATGGTAA,16,4645
Fc_M006_CCTACGTTCTCGAGTA,16,5395
PRMc_F002_TGGAACTCAAAGCAAT,16,2043
VIIIc_F002_GGAGCAATCTACCCAC,16,5260
AN2c_F002_TTACAGGTCGCCAGTG,16,4236
PRMa_M006_AACCAACGTAGCGTTT,16,3033
AN2c_F002_GGGTGAAGTCATCACA,16,3600
AN2c_M006_TTAGGGTTCTAACACG,16,3417
PF_M006_GTCGAATGTAGGCTCC,16,3754
Vc_M002_GCCTGTTGTCTGGTTA,16,4172
Ib_M001_GTGATGTGTCGGTGTC,16,2209
PRMa_M006_TACAGGTCATCGTCCT,16,2875
AN2b_F002_TCGACGGCAAGCTGTT,16,4202
VIc_M006_CGGAATTCAGAGTTGG,16,2449
PFb_M006_TGTTGAGAGCGCATCC,16,2821
Ia_M001_GCCAGGTAGCAGTAAT,16,2732
F_M006_TCGGTCTTCTTGCAGA,16,7461
AN1b_F002_TCATTACAGACTTCGT,16,4418
Vb_M002_ACGATGTTCTGGGTCG,16,3438
AN2e_M006_GCATCGGAGCGCTGCT,16,3011
IXb_M003_CCATCACCATACAGCT,16,3428
IXb_M003_CTCCATGGTGGATTTC,16,1457
IXa_M003_AGGGTCCTCTTTGCGC,16,1434
VIIb_M006_GTAGAAAGTCCGTTTC,17,10291
IXc_M006_GACCTTCTCATTGGTG,17,13566
PRMe_M002_GCTTCACAGGGTACGT,17,4354
IXc_F002_ACGGAAGGTACAAGTA,17,7222
PRMb_M002_CTATAGGCACAAAGTA,17,3785
VIIb_M006_CCACCATGTCCTTAAG,17,8356
PRMa_M006_ACGTCCTAGCCTATTG,17,4221
VIIb_M002_ACGGGTCCACCGCTGA,17,3644
AN2a_M002_TATACCTGTTGGAGAC,17,5644
IIa_M001_TGCAGATTCTCATTGT,17,7566
PRMf_M006_TAACACGTCACCTTAT,17,8442
IXc_M006_TGTTCATCACTGGCCA,17,6765
PFb_M001_AGGTTACCAACCAATC,17,5212
VIIIb_F002_TTTCAGTTCCATCCGT,17,5487
AN2a_F002_TAGGGTTCAATGAGCG,17,3345
AN2_M006_AGAGCCCCAACTCGAT,17,6083
AN2e_M006_TTGCATTAGACTCGAG,17,4334
PRMf_M006_TGTCCACTCGGTGCAC,17,5606
AN1b_M006_AACCCAAGTTGGATCT,17,3278
AN1c_F002_CTGAGGCGTCGAGCTC,17,3338
II_M006_GTTTGGAAGTGCGACA,17,6788
PFb_F002_CAAGAGGAGTTCACTG,17,8098
PF_M006_ATGCCTCAGGAAGTAG,17,3685
VIb_M002_TTCTCTCCATCCTCAC,17,14193
X_M001_ACGATCATCAAGTTGC,17,3705
VIIId_F002_AGATCCAAGTTAGAAC,18,33995
IIa_F001_GCATGATGTATAGCTC,18,33468
PFc_M001_CATACAGAGGCAGGGA,18,15197
PF_M006_TACGTCCTCTGTTCAT,18,34409
AN1_M006_CCGATCTTCGTAGAGG,18,14458
AN2d_M006_GCCATTCCATGGGAAC,18,27917
F_F001_CCCTCTCCATACCAGT,18,37032
AN1c_F002_GAGTTACAGTATGAAC,18,31618
IXb_M006_TCAGTGACAAGGTTGG,18,32956
Xb_F001_TGGATGTCAGACAATA,18,19533
VIa_M006_GACCCTTGTACCGCGT,18,17635
PRMa_F002_CTGGCAGGTTTGTTCT,18,36960
PF_M006_CATACCCGTACTGAGG,18,33479
Ib_M001_ATGGTTGTCGGTCGAC,18,16796
SIM_F001_ATATCCTAGTTGGAGC,18,11336
PRMa_F002_GGTAATCGTCTACTGA,18,41936
AN2e_M006_CTCAAGACACAACGCC,18,36102
VId_M002_AACCTGATCGGTGAAG,18,32496
AN2c_M002_TGTACAGTCTTAGTTC,18,32071
AN1a_M002_GAATCGTGTGCTATTG,18,30148
DECc_M006_ATCACGAGTAGCGAGT,18,27767
AN2e_M006_GACTCAAGTTTGTGGT,18,33244
IV_M006_CTGAGGCGTTCCAAAC,18,11782
Ib_M001_GACAGCCTCCGTTGAA,18,15025
SIMc_M002_AAGTGAATCAGAACCT,18,21752
IXc_M003_GCAACCGAGATGCTAA,19,2834
Xa_F001_TACTGCCGTCATAGTC,19,5559
Xa_F001_TCGAAGTCACTTGTCC,19,4834
Xb_F001_CATGCCTCAGACGCTC,19,6097
IXa_F002_TCATACTGTCACTGAT,19,7768
IXc_M003_CGGGCATGTTCGGTTA,19,2045
VIIa_M006_AGGTCTAAGAGCATAT,19,5779
PFc_M001_ATTACCTAGTTACTCG,19,3551
VIIb_F002_TTTGGTTAGGTTGCCC,19,5577
F_F001_TATATCCTCGTGCGAC,19,4151
IXa_M003_AAGTTCGGTGATACCT,19,2938
PFb_F002_GAGTCATTCGCGTAGC,19,9732
PFa_F002_AGGGCCTAGGAACGTC,19,7183
AN2b_M002_AACCACATCCACCTGT,19,2814
Xb_F001_AGGGTCCTCATTTCCA,19,5600
PRMb_M006_GAGTCATTCGGTCTAA,19,5106
PFd_M001_GTAGAGGAGGTTAAAC,19,3763
IIa_F001_CGTCAAAAGAATCCCT,19,4485
AN2c_F002_TAAGTCGCAACCAGAG,19,6783
VIIId_F002_GGTAGAGCACGCACCA,19,4829
I_F001_TCGGGCACATGGAGAC,19,3125
I_F001_TGACCCTGTAGACGGT,19,3131
Fc_M006_GTTGTGACATCCGAGC,19,4633
Ib_M001_GACCCTTTCATACGGT,19,4713
I_F001_GTAGAAAGTTCCACAA,19,2650