"","sd","sd_lfc","p_val","log_fc","X1","X2","X3","X4"
"Acrv1",0.0727444219086879,0.303713698393593,0,0.679546419830008,-7.36936445146688,-7.26449185367871,-6.99805015581369,-6.68981803163687
"Actl7b",0.0536227855131194,0.24831924324358,0,0.557560918426113,-6.46866348848632,-6.38458765119185,-6.33030049276178,-5.91110257006021
"Antxrl",0.160017531436084,0.708453912969613,0,1.59447061099648,-9.16573473206824,-8.56763563330633,-7.90810717266929,-7.57126412107176
"Aqp7",0.115204194187781,0.427624717478556,0,1.02643253787526,-8.30299386621854,-7.76777294152006,-7.27656132834328,-7.61319332466761
"Arf4",0.0827678798037608,0.448169146019483,0,0.929380033862395,-8.33845653217758,-8.3035135020027,-8.08083089780288,-7.3741334681403
"BC049635",0.0736221663683105,0.338644241470571,0,0.647024630222654,-7.54256235083707,-6.89553772061442,-6.77563365385674,-7.14091623980021
"Bbx",0.0730846376219086,0.337119569580329,0,0.635312888830039,-7.48649831584204,-7.05809163613345,-6.851185427012,-6.71405672150363
"Btbd10",0.0901167612240701,0.451964114466961,0,0.874129474805151,-8.60779497484578,-8.46166344686895,-8.14580131744629,-7.5875339720638
"Cabyr",0.0527438431760177,0.300178984151577,0,0.700303659900684,-6.7664135051411,-6.5917654111052,-6.39665798825365,-6.06610984524041
"Ccdc169",0.126793384435809,0.544604722411304,0,1.05738459610356,-8.40607296830622,-7.87750648056208,-7.34868837220266,-7.21334248291474
"Ccdc173",0.0566704522225853,0.251382155784292,0,0.555892784938945,-6.71338975684702,-6.66331405442967,-6.8407035598773,-7.21920683936862
"Ccer1",0.060400083536191,0.232495673688122,0,0.518580102995774,-6.51792731851729,-6.34953080867825,-6.11691846402683,-5.99934721552152
"Ccser2",0.159023192725906,0.671876205809996,0,1.46651051178811,-8.73170689410248,-8.54593026950419,-7.85617902851577,-7.26519638231437
"Cct8l1",0.131353205791214,0.850379382577488,0,1.18868612371351,-9.85506974507275,-9.53949807796492,-8.3508119542514,-8.14634999581979
"Cnbd2",0.0952049139615939,0.490586228840115,0,0.851251936324131,-8.67137485264664,-8.38076338481692,-8.04020721552703,-7.52951144849279
"Cylc2",0.0511685311049454,0.239121112709264,0,0.438456436952809,-6.84458975493268,-6.40613331797987,-6.29326574292941,-6.56485747605624
"Cypt12",0.0768704241469571,0.340652495158167,0,0.829632455950597,-7.20206376105648,-6.71003784094861,-6.37243130510589,-6.76569618370142
"Dgat2",0.106287681749032,0.424065222405073,0,1.02444600857655,-7.93381918501459,-7.5147228625652,-7.34329243067224,-6.90937317643804
"Dnajb7",0.0782677707858161,0.549188015472604,0,0.748782855249009,-8.53434274784812,-8.18728122822465,-7.43849837297565,-7.4451106754729
"Dpysl3",0.0956932667467235,0.407089113788438,0,0.979049109730287,-8.06396364668529,-7.4137554031134,-7.08491453695501,-7.55106015696688
"Dusp13",0.0757965232087603,0.404544190642128,0,0.806207382730721,-8.24835711986635,-8.18652685268601,-8.10917888748894,-7.38031946995529
"Dusp3",0.152368860874247,0.907590795468237,0,1.71773403450401,-9.87842210330981,-9.67334228848348,-8.60202303861004,-7.95560825397947
"Fam209",0.0774252363245324,0.324434244066328,0,0.74164375601777,-7.50947558145213,-7.35324428805436,-7.09439332253455,-6.76783182543436
"Fancd2os",0.0962568782838105,0.361027561047735,0,0.866589946625673,-7.9492462027771,-7.95893644559595,-7.64524184620775,-8.51183179283343
"Fhl5",0.127038943064448,0.479456291336141,0,1.12252493320269,-8.41406033285538,-7.91794179509221,-7.59937681234024,-7.29153539965269
"Gfer",0.0768631554003503,0.403053403586706,0,0.863664011352081,-7.97206037477535,-7.99330620805967,-7.64655415822189,-7.12964219670759
"Gm4275",0.0853124363169926,0.622908882823892,0,1.07916156271724,-8.09710039790471,-7.64568341599258,-7.01793883518748,-6.71011818997313
"Gm5142",0.0907448061834814,0.494921850166269,0,1.12487353430684,-7.70669413926092,-7.51447486962457,-7.14767052569486,-6.58182060495409
"Gstm5",0.066997687404609,0.252256131553021,0,0.560302434303432,-6.05223451774232,-6.21427105450685,-6.61253695204575,-6.11179850107519
"Gtf2f1",0.070894308431355,0.344982481538793,0,0.644622443930272,-7.75103147574514,-7.60036247516141,-7.44885140086603,-6.95574003123114
"Gtsf1l",0.0837798448844484,0.481233251796223,0,1.12912752776987,-7.54078711274212,-7.21605090485983,-6.8972235166601,-6.41165958497225
"Hsfy2",0.146478833242836,0.606039190805057,0,1.37227142564697,-9.18252535091278,-8.44795222803083,-8.02021202749424,-7.81025392526581
"Iqce",0.119504780820768,0.62366642508802,0,1.13801645415631,-9.24555834928853,-8.98424030836799,-8.97416797089769,-7.84622385421168
"Kif2b",0.0635317898219307,0.320739331079347,0,0.750352124322607,-6.89878610593798,-6.67887956596343,-6.45407030820092,-6.14843398161538
"Knop1",0.0889522080014255,0.391925829263285,0,0.929523781789738,-7.443576791688,-7.13989962847163,-6.9086201988651,-6.51405300989826
"Lyar",0.0503607861410435,0.260125362640996,0,0.578713420528585,-5.52946610648315,-5.58984391471444,-5.77046736438386,-6.10817952701173
"Lyzl6",0.0657990390184619,0.344269984741967,0,0.707609119408262,-7.66152435038636,-7.20724583734722,-6.9539152309781,-6.91186562703683
"Mbd3l1",0.102229766859029,0.4089938794273,0,0.910905246817157,-8.39034936140929,-7.66021535781754,-7.47944411459214,-7.62226648863348
"Mex3c",0.132778271237105,0.937084552651993,0,1.61447126378361,-10.2375278057943,-9.71783233225406,-8.89495092350116,-8.10336106847045
"Mycbpap",0.0731553642408653,0.40790781553329,0,0.814606775019262,-8.24389874357391,-8.17394894902396,-8.06961505989081,-7.3593421740047
"Nasp",0.0486395887783759,0.207530815260685,0,0.445543180432038,-6.1917458632857,-6.17582305398682,-6.37328717479576,-6.62136623441886
"Pdha2",0.087655052272397,0.373253780923032,0,0.790623067103574,-8.40311217133441,-8.41676121961864,-8.25388079722393,-7.62613815251507
"Pdk3",0.114670427757143,0.572178972298888,0,1.1141114056943,-9.23670828566182,-9.08155026517434,-8.58534461235216,-7.96743885948004
"Pex5l",0.163902023469044,0.988663419693411,0,2.11912492687647,-9.89442743536441,-10.0410052619614,-8.86731849700826,-7.9218803350849
"Prss46",0.132887365527918,0.663112720467185,0,1.29515892957453,-7.76463755978927,-8.11866627386151,-9.05979648936381,-9.06535641907604
"Rbl2",0.113265391843714,0.409501585504535,0,1.00218982351488,-8.3926114411731,-7.87777249404074,-7.39042161765822,-7.85517583763766
"Rffl",0.143195360321422,0.515343997909368,0,1.20242692219276,-8.78932627929976,-7.85543893084259,-7.586899357107,-8.06975782817231
"Rnf151",0.0672228943168157,0.310523148409347,0,0.721719275355182,-6.73487290843289,-6.54053152583866,-6.312051811137,-6.01315363307771
"Saxo1",0.163675366449335,0.954202721574708,0,1.80285778243046,-9.19196780766048,-8.23647265749306,-7.38911002523002,-7.05903059277955
"Scamp1",0.0976781417520795,0.498099502082835,0,0.948744965137449,-8.70112110028454,-8.62645536132337,-7.98241283761351,-7.67771039618592
"Scp2d1",0.104817144709988,0.45344751904833,0,1.04838699203018,-8.03236964797556,-7.67423415104544,-7.30817857773965,-6.98398265594538
"Sox5os3",0.141800151297833,0.769742041100248,0,1.22701761412134,-9.95139064550401,-9.41325524015772,-8.75075722964878,-8.18623762603638
"Spata25",0.113939984261116,0.701917003092431,0,0.976040056557983,-9.512682682315,-8.87540786454215,-8.30416597594318,-7.89936780798417
"Spata31",0.0711239323185587,0.304203118513463,0,0.727942562424889,-7.79381362833175,-7.36895046150077,-7.06587106590686,-7.29294577410535
"Sun3",0.101138642971447,0.515295173791177,0,1.03532854396562,-8.7197857847201,-8.71629858216216,-8.04663411615555,-7.68097003819653
"Tbc1d23",0.151118700648862,0.690563589333978,0,1.30647706818452,-9.24516488484183,-8.6029086133761,-7.93868781665732,-7.71838500649064
"Tekt5",0.189806379880289,0.993721452201585,0,2.06623643611635,-10.225503595313,-10.1960079031525,-9.20083510198894,-8.12977146703615
"Tex29",0.115580795751169,0.803820399521245,0,1.38993163005319,-8.64435749024006,-7.97054976730508,-7.25442586018687,-6.81794928829125
"Tex33",0.0522623261204738,0.415466441621982,0,0.922167711091833,-6.35544323911197,-6.26433881672358,-5.97472963531488,-5.43327552802014
"Tmem123",0.138948138108215,0.806966216089637,0,1.60159271598556,-9.65557056214262,-9.8634650462266,-10.0233480530871,-8.26187233024104
"Tmem144",0.211864338927597,1.07698126845923,0,2.27634983007322,-9.82874543277564,-9.803892159618,-8.77309892009124,-7.55239560270242
"Tmem205",0.13450226114375,0.59618704621255,0,1.25984841083293,-9.13113759229556,-9.16502852805425,-8.51508634723026,-7.90518011722132
"Tulp2",0.0623418958275938,0.228530721223408,0,0.526498133108869,-6.69314149814775,-6.5265237377515,-6.33638542369986,-6.16664336503889
"Adig",0.276452667952319,0.979996029155276,1.33226762955019e-15,2.25822021612386,-10.4419798980901,-10.9723830158626,-9.69178507647503,-8.71416279973877
"Il31",0.164822130874211,0.606358642532943,1.33226762955019e-15,1.35997350980434,-8.21798416314394,-8.04831705111443,-8.63677640041386,-9.40829056091878
"Samd4",0.0971858479372374,0.341428528136737,1.33226762955019e-15,0.796106141773874,-7.96589726147588,-7.41993282130183,-7.16979111970201,-7.36258039363576
"Tmx4",0.099597845408595,0.592231713077651,1.33226762955019e-15,0.816668460934038,-9.34618894203013,-8.72883242373436,-8.81462524371517,-7.91216396280032
"Vgll3",0.124640900921146,0.676068368174771,1.33226762955019e-15,1.01918284260084,-10.0643860236476,-9.55853185576323,-8.91920774231335,-8.53934901316239
"Coro2a",0.110486904860231,0.397292137970932,2.66453525910038e-15,0.900883193559664,-8.30527377556039,-7.90353068169351,-7.57408726980186,-7.40439058200073
"Eqtn",0.092399279511451,0.338234747781784,2.66453525910038e-15,0.752030546460067,-8.28391095650605,-8.00869058544906,-7.67401142993468,-7.53188041004598
"Slc16a7",0.0586659173837357,0.262377608405292,2.66453525910038e-15,0.476474910022591,-7.34232168636126,-7.21760239853925,-7.01718968867293,-6.74112748851666
"Ufd1l",0.115936168146993,0.424876951167785,2.66453525910038e-15,0.941605831301759,-8.57410891831878,-8.71140956678314,-8.17251141588897,-7.76980373548139
"Cyp51",0.1775318558724,0.606646610520807,3.99680288865056e-15,1.433659264277,-9.48752230827136,-8.90054844957624,-8.51929345662481,-8.05386304399436
"Tnfaip2",0.147790766475705,0.787176826232778,3.99680288865056e-15,1.19432351791085,-10.2102420389515,-9.60851504541462,-8.91096299459004,-8.41419152750377
"Hils1",0.0811789718203867,0.27567403063557,5.32907051820075e-15,0.652301143531863,-7.43272697504084,-7.01156521218261,-6.78042583150897,-7.18579356662599
"Lrrc34",0.101833090457607,0.394565133353993,6.66133814775094e-15,0.815452332303659,-7.74375732961921,-7.65987356475819,-7.66605901609246,-8.47532589706185
"Odf3",0.0956318964164076,0.328061663854885,1.46549439250521e-14,0.756688953232783,-8.20891779364928,-7.76712477570527,-7.45222884041649,-7.59681941853048
"Tmco5",0.0689265055401492,0.240110785805699,1.46549439250521e-14,0.545887858238409,-7.16735805970746,-6.85169426634807,-6.62147020146905,-7.05432404856614
"Tmem247",0.0812664793260599,0.263925663517173,1.59872115546023e-14,0.642332026162713,-7.37267659367863,-6.9947269774369,-6.73034456751591,-7.00611344483011
"Izumo2",0.0880067740356093,0.287597449419233,2.39808173319034e-14,0.691414867125535,-7.91629536284945,-7.49492272080072,-7.22488049572391,-7.6293725710261
"Tex43",0.121850536903307,0.394513686750534,2.39808173319034e-14,0.9567698652806,-8.52814710419062,-8.12381671051133,-7.988324549112,-7.57137723891002
"BC048562",0.188502451118309,0.652450589374433,3.06421554796543e-14,1.47483763416319,-9.50178014890295,-8.56350838924207,-8.02694251473976,-8.23178147424452
"Atl1",0.152281271641629,0.626642016715044,5.59552404411079e-14,1.17982791978672,-9.83831831251866,-9.73259936971012,-8.913491440593,-8.5527714499234
"Micalcl",0.208755025544067,0.720108667404976,5.72875080706581e-14,1.61708921125535,-9.4132674797725,-8.55415610126056,-8.014600557181,-7.79617826851715
"Ccdc183",0.103766920338944,0.363430109340289,5.99520433297585e-14,0.803058394032527,-8.32059045239757,-7.78396706679487,-7.51753205836505,-7.58738029112441
"Cxxc5",0.0963881038270909,0.34217488360375,8.79296635503124e-14,0.741181957899064,-8.54150335388191,-8.62579928022728,-8.52164629122289,-7.88461732232822
"Tor1aip1",0.116393548047325,0.486591742467506,9.45910016980633e-14,0.894038286939692,-8.66040929616794,-8.4585496557983,-8.02793494409884,-7.56451136885861
"Creb3l4",0.0603205276795521,0.249090794039093,1.31894495325469e-13,0.460720012733073,-7.33550791081339,-7.24199034990093,-7.00368102329934,-6.78127033716786
"Pmis2",0.108977974514876,0.388395253321051,3.17079695832945e-13,0.82000357280352,-8.20455203303145,-7.75750637924293,-7.38454846022793,-7.38988463615833
"Spaca4",0.0980944328166825,0.331434816751342,3.41060513164848e-13,0.73720906056911,-7.97657685870856,-7.63892035035953,-7.34219657869061,-7.23936779813945
"Cfap58",0.108391041693625,0.364820308049017,5.10258502117722e-13,0.808847281975272,-7.95006673885789,-7.8252095690885,-8.29998711264367,-8.63405685106377
"Sh3d21",0.0648539732878171,0.203845981444033,5.40900657597376e-13,0.483464660401961,-6.96232996529609,-6.685474139748,-6.47886530489413,-6.61250119006003
"Rnf4",0.0930702329364897,0.401254187576783,6.82121026329696e-13,0.690956943430518,-8.38450232109284,-8.12681412953854,-8.03088869698941,-7.43585718610802
"Ccdc27",0.198231175214486,0.664440196537763,6.88782364477447e-13,1.4714232026117,-9.58051826999939,-8.38601630997046,-8.10909506738769,-8.32386663096439
"Pfn3",0.184932598970536,0.65800582778577,1.36157751740029e-12,1.35589418410415,-9.36419852449424,-8.53159405410303,-8.00830434039009,-7.93828477391925
"Hacd2",0.0715835377033663,0.323209018680787,1.54010137976002e-12,0.523656721601011,-8.31269028111954,-8.23695465254974,-7.71329793094873,-7.72191961644186
"Cypt4",0.118371373694436,0.368330800042014,1.78523862359725e-12,0.86357901362035,-8.00299565848248,-7.59663290893589,-7.36774663706911,-7.13941664486213
"Pmfbp1",0.0576330895517531,0.189948238789596,3.225419931141e-12,0.415848289898039,-6.8862971793403,-6.55707389094484,-6.47044888944226,-6.76425763917355
"Cd55",0.201771809807687,1.068501191617,3.59579033215596e-12,1.45288612020511,-10.6983440652053,-10.1667001468817,-11.1834808290293,-8.71381402667659
"Acin1",0.097760661087619,0.441309550126398,4.15001366604884e-12,0.702026369786177,-8.29123747407974,-8.43663899452061,-9.13866536430679,-9.10323058117936
"Spata31d1d",0.118220777204362,1.12865161892886,4.66560123868476e-12,0.847059680762293,-10.8186018997852,-9.18881290439381,-8.51729724719731,-8.34175322363152
"Lmntd1",0.122169102450156,0.384148857467647,5.61017898803584e-12,0.87225591137024,-8.78477094330365,-8.11415086149825,-7.91251503193341,-8.08558927825344
"Spam1",0.146070674083347,0.467060881215261,5.85531623187308e-12,1.04205067658163,-8.52803093029314,-8.34379362904053,-8.53381644464454,-9.38584430562216
"Gigyf2",0.178893873041183,0.633019121353588,7.57793827688147e-12,1.26984348189791,-9.4896054783091,-9.58247616178933,-8.61182893581367,-8.31263267989142
"Cfap36",0.0773895295988962,0.23334527009978,9.30056032188986e-12,0.547138603660393,-6.51247924316211,-6.64340799273024,-6.75036206670813,-7.0596178468225
"Best1",0.0953175787506793,0.292793293943327,9.35651556233097e-12,0.673809371188102,-7.96739395084379,-7.72420555221706,-7.48165751191985,-7.29358457965568
"Banf2",0.175465801150392,0.784107158152882,9.55235890387485e-12,1.23988112437727,-10.4715126540306,-9.89932143710756,-9.26304746933828,-8.6594403127303
"Ccin",0.107610238130485,0.640437172790131,1.2158274387275e-11,0.756785411621628,-9.34222588557033,-8.85963363945773,-8.1028482278361,-7.99370766352642
"Chrne",0.15583099296875,0.482643210828338,1.6618706411009e-11,1.08909264327853,-9.34004123462541,-9.50348420739173,-8.97675996912805,-8.4143915641132
"Cpeb2",0.0739098537624562,0.245630058275218,2.28377317057493e-11,0.513244380917991,-7.98587820791235,-7.97772239632078,-7.86771727648455,-7.46447801540279
"Fam71e2",0.143871411022527,0.504567714021045,2.73980838016996e-11,0.995365923106524,-9.33691448772642,-9.2999814053379,-8.65833158654343,-8.30461548223138
"Usp50",0.0846213148098489,0.254452705920861,3.06061842536565e-11,0.584118624875677,-7.64170441564329,-7.20005341639879,-7.05758579076761,-7.40762557806515
"Smap1",0.132598433515335,0.379326760639885,4.30375735049893e-11,0.908851975314588,-8.15902285476531,-7.70408391104618,-7.54669090537456,-7.25017087945072
"Gtf2a2",0.0726299252220604,0.233921906404727,4.57300863843102e-11,0.497187117719283,-7.82275038598189,-7.84940063684295,-7.77625501309457,-7.35221351912367
"Fsip1",0.178383048783045,0.56684061094946,4.68625138694279e-11,1.22049352581889,-8.30964779859478,-8.2715298616387,-8.72574039455334,-9.49202338745759
"Gtf2e2",0.174551294991027,0.515087308011033,4.93831642245368e-11,1.19296676691192,-8.16962033857835,-9.00813569200092,-9.36258710549026,-9.09256406118798
"Hspb9",0.0962808578523131,0.269416014415769,5.22595300367357e-11,0.657247355558391,-6.70475370966828,-6.98668941643177,-7.36200106522667,-6.99732910886974
"Fsip2",0.0970368579507953,0.3067004128185,5.38249445014571e-11,0.661996733665557,-7.73400146823881,-7.70452626384997,-7.87769000731731,-8.36652299751553
"Ccdc186",0.099036352347125,0.295652481175279,5.92246252040241e-11,0.674276444456548,-8.36015181592182,-7.79732354876621,-7.68587537146527,-7.98336402618132
"Ckmt2",0.125884669067184,0.428029708088534,6.94804214163014e-11,0.85417236252465,-9.40667238077609,-9.42113928561635,-8.5669669230917,-8.823220860429
"Ccdc55",0.122384664033326,0.381160776885578,7.42952366294958e-11,0.829238854437141,-7.84424334810642,-7.7924757917771,-8.16149050448196,-8.62171464621424
"Cep162",0.148698241520025,0.444183756595967,7.93605181570456e-11,1.00611237015679,-8.91078808659132,-8.21883005370331,-7.90467571643454,-8.05729912855359
"Stambpl1",0.143701882329042,0.408004532826753,1.0757394974803e-10,0.96595891198425,-8.79309647769061,-8.59094552138765,-8.32054168719504,-9.28650059917929
"Cdca2",0.085166666648355,0.271630906273723,1.08804965037734e-10,0.572346184950617,-8.31967797229018,-8.34629605053801,-7.77394986558739,-8.016782741934
"Hdgfrp2",0.112770418561511,0.40483116314842,1.47803103089927e-10,0.752802382597784,-8.47771952309051,-8.56708086598901,-8.73858549982238,-7.81427848339123
"Gsg2",0.0980207759616925,0.287469671247487,1.59192659054952e-10,0.653272859738542,-7.0060995163227,-6.82343857751939,-6.93589281894638,-7.47671143725793
"Pgam2",0.0606677661287456,0.193563462695663,2.08707717774814e-10,0.401908502224839,-6.18849936780729,-6.16541979177039,-6.18852286893552,-6.56732829399523
"Mycbp",0.0979851831807258,0.276058572359533,2.19104734355824e-10,0.648422926443772,-8.29793435855503,-8.55258355362827,-8.39379369053096,-7.9041606271845
"Zc2hc1c",0.152638042667655,0.691510872252341,2.29296581721883e-10,1.00906479485995,-8.33072577400228,-9.33979056886223,-9.57726559849312,-9.94546203886733
"Tnrc18",0.153795604717093,0.422145856420738,2.63718380466571e-10,1.01352838598207,-8.71568766512053,-8.37902569671496,-8.87686128991453,-9.39255408269703
"Trim36",0.0819626397159552,0.232979829922756,2.85167889302329e-10,0.53918965579906,-7.43553509478296,-7.02726611467825,-6.8963454389839,-7.19850399194155
"Gstt4",0.0817426181697447,0.242809061264415,3.24248627947554e-10,0.536178758446699,-7.24322157668543,-6.86534059902448,-6.70704281823873,-7.12143300283176
"Tprn",0.126362059582866,0.381722697997791,5.86943826874631e-10,0.817597399185382,-7.79939033731145,-8.27481537648652,-8.61698773649683,-8.59544488497278
"Spag6l",0.0910961383789027,0.280138891356144,6.82263578966058e-10,0.587342292518514,-7.55519597230847,-7.51248306634192,-7.88967889179746,-8.09982535886044
"Rhbdd1",0.164923149375348,0.644003121530901,7.30526306114143e-10,1.06163157906818,-9.92771553889126,-9.45175760026118,-9.17520766881357,-8.390126021193
"Atpaf2",0.174773558351911,0.65959198488668,9.66510871336368e-10,1.11758759680884,-10.2079638011164,-9.85421111282319,-9.19049799879703,-8.73662351601435
"Laptm4a",0.0677864342272862,0.228494998558315,1.0380936110721e-09,0.432718893997277,-7.43231563020885,-7.36350001794425,-7.35046113373338,-6.93078112394697
"Tulp4",0.182924980002186,0.535225967797113,1.13137232915506e-09,1.16530139371053,-9.2411335573399,-9.35779421268815,-9.14856330180249,-8.19249281897762
"Izumo1",0.0883921295365885,0.305332784276677,1.25692389829624e-09,0.561663008005148,-8.64363224256049,-8.56778890680686,-8.18331702293574,-8.00612589880172
"Arih1",0.0740644380793568,0.293647519313099,1.41990286195437e-09,0.469231500022903,-8.07180919287181,-7.84537109771145,-7.66863647599029,-7.37613959768855
"Spata20",0.0771529688775073,0.202478767460198,1.46989220795035e-09,0.48838699353356,-7.01162445631022,-6.7092670304759,-6.52323746277666,-6.79241511148421
"Gm527",0.186343421918177,0.481732246986754,1.79630710306355e-09,1.17379529353658,-9.44822960908342,-8.96305852718066,-8.87210887311844,-8.27443431554684
"Acyp1",0.0674339958478666,0.280258697245804,2.08796446798942e-09,0.423197659047568,-7.5604007281058,-7.49761410378475,-7.92081176283232,-8.07805567749363
"Nfatc2ip",0.152006756109401,0.40357105464747,2.29044649913135e-09,0.951762394183413,-9.07885304185952,-8.53361039355667,-8.12709064767611,-8.37176285310675
"Akirin1",0.145653906780234,0.509634900060328,2.45756615058212e-09,0.910384540237356,-9.63489154497536,-9.3558078952808,-9.22977361408513,-8.44542335504344
"Ropn1",0.0658122452152272,0.213666827912986,2.48250753287493e-09,0.411244250861766,-6.94189044262008,-6.74998065523422,-6.53064619175831,-6.47683336181533
"Sox5",0.0675706360470275,0.207744819436431,2.86516543823723e-09,0.420716194909647,-7.68058831264139,-7.25987211773174,-7.24281710031003,-7.30136776038594
"Acbd3",0.180771514151023,0.464102138125578,3.08438741214445e-09,1.12344975484381,-9.22867517995553,-8.5425663283668,-8.10522542511172,-8.54558520800012
"H13",0.170350340469166,0.516424533070213,3.11254355622737e-09,1.0584416579511,-9.7001448839155,-9.6449621407162,-9.18274839733249,-8.5865204827651
"Pigf",0.111088378233303,0.384925794907124,3.39879324684489e-09,0.688691250776003,-9.17417038620428,-8.98772585637062,-8.98168076351586,-8.29903460559462
"Ccdc113",0.119691219823328,0.308978236247186,3.56442741988872e-09,0.741127533185535,-7.372574251341,-7.61029506931861,-7.70079216155757,-8.11370178452654
"Etnk1",0.165804209669454,0.597662174193813,3.59665097704465e-09,1.02642380940102,-10.1222283112081,-9.82047445770159,-9.21004954180814,-8.79405064830057
"Zswim2",0.136895189417027,0.355689427456487,3.67505892384656e-09,0.846994833609047,-7.79718660558801,-8.18273067691825,-8.37085992401114,-8.64418143919706
"Nabp1",0.0930233629100813,0.315446631875362,3.9092542536423e-09,0.574645136275689,-8.14625167894372,-8.01259496768271,-7.72294689262973,-7.43794983140702
"Taf3",0.264997118907344,0.681080486076152,4.68662042507617e-09,1.62939329168887,-8.35645337059892,-9.09516915869064,-9.98584666228778,-9.42937648946027
"Abhd2",0.11600208466513,0.489815296467077,4.94701213327176e-09,0.712268723312677,-9.19408799093994,-9.06167115748755,-8.34940243417487,-8.22862453679324
"Hyal5",0.155407609676916,0.432541919389352,5.26042809312344e-09,0.952706468972062,-9.20911014740834,-8.61392785498708,-8.33159655785934,-8.25640367843627
"Spata9",0.0960075223150997,0.323088576601126,6.17605033781388e-09,0.586106024499758,-8.75781023260771,-8.62559609377174,-8.30764366901172,-8.03949006927198
"Pknox2",0.135894241868389,0.354902643910334,6.24596507847741e-09,0.829361811873854,-9.03844992633109,-8.50934459788423,-8.20908811445724,-8.40225717364403
"Allc",0.0798893996462269,0.204971474080185,7.23586124351527e-09,0.485683375273014,-7.29062216783581,-7.04266564007758,-6.80493879256279,-6.94229175831906
"Lmnb2",0.152573401413255,0.414984906325359,8.90594531455235e-09,0.922467676536161,-8.73527900001078,-8.20830382346163,-7.90904183533815,-7.81281132347461
"Dad1",0.103955429657283,0.365829939338743,9.23804632790848e-09,0.627906779437922,-7.53381636471934,-7.79714979380603,-8.16172314415726,-8.35070783349733
"Fam217a",0.106818679262993,0.299597185763039,9.83629844242273e-09,0.644118887222115,-7.49550334862554,-7.40003905055855,-7.36503190684706,-8.00915079406918
"Msl3l2",0.139356949741252,0.425108948998945,1.17987126735386e-08,0.836218927409869,-9.37756270541969,-9.34883778518433,-9.36113240190536,-8.51261885777446
"Sept4",0.135192277680187,0.339266312651245,1.21336114489168e-08,0.810614001098651,-8.86009724700497,-8.40639509102864,-8.04948324590632,-8.58100069444498
"Lrrc18",0.0700755722137292,0.19506470665213,1.21792416152289e-08,0.420130963115382,-7.08413461693551,-6.77676209666727,-6.66400365382013,-7.00322250826123
"Toporsl",0.158976615080407,0.497384820281703,1.31083877086269e-08,0.951227087610819,-8.02929463561245,-8.20806628124403,-8.54108074415689,-9.15929336885485
"Ccpg1os",0.0728911575357578,0.25580449740665,1.36702609232486e-08,0.435641554966418,-8.07832599767863,-7.9428392490563,-7.99855913971975,-7.50719769408988
"Fgfr1op",0.148904748364916,0.407156549290432,1.38045175290813e-08,0.889707441540947,-8.87783571901572,-8.99096926547482,-8.85053028625426,-8.10126182393387
"Crls1",0.0982463349535918,0.294392089939071,1.7369782945309e-08,0.583332307165065,-8.99886338559398,-8.95152276129832,-8.36819045413325,-8.63996916872077
"Clip1",0.0823914000012941,0.222532429790701,1.75390675316578e-08,0.489063416363035,-7.61548116302002,-7.43645754386157,-7.2062033804704,-7.12641774665698
"Trim41",0.208112000172961,0.60878086147375,1.82070185594796e-08,1.23404604584009,-9.36947934681327,-10.1074494028949,-10.1240597280646,-8.87340335705478
"Tescl",0.104107187516603,0.263145077417739,1.96807024011036e-08,0.615994654105392,-8.20542238005022,-7.81657462292102,-7.58942772594482,-7.73555059998332
"Aptx",0.0851534573640138,0.266648570070182,2.13736521814667e-08,0.502689320232626,-8.01223765393538,-7.96807818509317,-7.6194766265375,-7.46538886486054
"Sphkap",0.158549123579891,0.636624597539521,2.1938271199673e-08,0.935286530947955,-10.2514475513758,-9.65351306300844,-9.71045956474186,-8.71822653206049
"Tbpl1",0.119183771037352,0.306104605064033,2.72696079051116e-08,0.698778138139803,-7.27920753963251,-7.47799739084922,-7.7490214538437,-7.97798567777231
"Ndrg3",0.115955612022763,0.282158801680011,2.82016916486327e-08,0.679204202288942,-8.13328397166158,-7.69926399691844,-7.45407976937264,-7.81684058403716
"Gm29508",0.246931530716098,0.657528399190029,2.95428828067656e-08,1.44448196757881,-9.94130472721527,-8.90865592261834,-8.49682275963646,-8.6128932777088
"Tesk1",0.0815642606354035,0.193157120181323,4.69699599214835e-08,0.470798185441237,-6.7329326317599,-6.9724376036087,-7.20373081720114,-7.00786341666462
"Plk1",0.108414252858337,0.418773154144494,4.90382561224578e-08,0.624991921544366,-8.79215718702301,-8.86323940779042,-9.48823132933479,-9.60491249695342
"Hdgfl1",0.114477212382529,0.492865013965087,4.93776100007892e-08,0.659810811312683,-8.03724609653724,-8.27564987756382,-8.9354606888765,-9.04408462433709
"Camk4",0.27624448542619,0.686398964180552,5.12946005670756e-08,1.59041088103223,-9.8089758905525,-8.56257897964613,-8.21856500952027,-8.73165946103125
"Pdzk1ip1",0.08934389756478,0.211666079852016,5.70789269183081e-08,0.512761428374852,-8.17558485198245,-7.94139234139345,-7.6628234236076,-7.9856734477252
"Ghitm",0.0899163582505687,0.323748029607225,5.82844146279626e-08,0.515728507057649,-8.0898926743653,-7.84079128857753,-7.63582572799697,-7.32506278151988
"Rnf148",0.193115408534362,0.523587026962448,5.9928704665424e-08,1.10673098913341,-9.43913857694744,-8.95057050253776,-8.33240758781402,-8.38175608093815
"Chchd3",0.128961293216399,0.311478478749179,6.30626697528669e-08,0.737952514470444,-8.30258013785428,-7.9281179511328,-7.56462762338383,-7.77366342996958
"Pphln1",0.0834156808078978,0.213971373721352,8.47521426372566e-08,0.473122247725641,-7.68398773154302,-7.64137149324158,-7.7916047386951,-8.11449374096722
"Sgms2",0.110847020167615,0.290652316765433,8.9270985270673e-08,0.627722097622343,-8.57429418613486,-8.13120596634468,-7.94657208851252,-7.97163213619935
"Pcbp2",0.0944204049849203,0.262347604823706,1.04512124288192e-07,0.532140181275335,-8.13016523453744,-8.08565197875201,-7.89520027025969,-7.55351179747668
"Plac8l1",0.107849550359275,0.268097590150487,1.21983950940319e-07,0.604945788922123,-8.11955458043293,-8.01695367803951,-8.16323541133911,-8.62189946696163
"Tmem190",0.0814293732316191,0.293765273274762,1.26380139686688e-07,0.456251434366158,-8.3852297147303,-8.1384482262581,-7.99156632709506,-7.68219679189195
"D11Wsu47e",0.077229460177878,0.241462281061791,1.29008547844478e-07,0.432443664942845,-7.91768959506596,-7.81972292347162,-7.56401442531273,-7.38727925852878
"Tdrd7",0.142660072608438,0.442440052116081,1.34364340986792e-07,0.797813469940115,-8.12496780262755,-8.31669564952265,-8.73914891150599,-9.11450911946277
"Nipbl",0.105166059798243,0.261564148575597,1.49167161289654e-07,0.58622092088758,-7.74162147588193,-7.63474999943272,-7.98295088181922,-8.2209709203203
"Capza3",0.0897066387444442,0.209674074852456,1.54118929618363e-07,0.499536088148084,-7.62095007659405,-7.33767927091912,-7.12141398844596,-7.26783193583411
"Spsb1",0.138099714291878,0.345543011948111,1.62266950543e-07,0.767774600516971,-9.05746588058091,-8.28969128006394,-8.37588668901254,-8.65077388455822
"Ip6k1",0.121177864978907,0.349978359909835,1.65572615618004e-07,0.673269777971013,-8.85453899382656,-8.77769560412255,-8.7680332026675,-8.10442582615154
"Adgb",0.134852846454297,0.348945114409088,1.79842896574911e-07,0.747299129623856,-8.27441255622187,-8.23883231429563,-8.38509730599176,-8.98613144391949
"Phospho2",0.0834291982318034,0.370346563756193,1.91857244757898e-07,0.461384902660805,-7.6161331411973,-7.84801157739296,-8.30939648005377,-8.3898219943816
"Cand1",0.19870541565223,0.456141106620622,2.39722160788602e-07,1.09110262643695,-8.34409895659691,-8.84659120222424,-9.43520158303386,-9.06749714740257
"Vhl",0.118560901808328,0.429972977150849,2.45613882565721e-07,0.650516045068748,-9.15967240189848,-8.99588162331348,-8.34536557824473,-8.33886867372825
"Adam1b",0.183658476456065,0.553918287560352,2.57697210237495e-07,1.00613140719402,-8.4545365243028,-8.80327211053421,-9.46066793149681,-9.63503715364707
"Enkur",0.073449176361541,0.206240017871013,2.68416523674375e-07,0.401844586901182,-7.02696333745506,-7.07505912447324,-7.27880697790394,-7.47690371137443
"Fam50b",0.0756811579212991,0.213338021914688,2.97042962227323e-07,0.412694762912348,-7.84358311529426,-7.79349355572188,-7.77289754783856,-7.38079879280953
"Traf3ip1",0.144089314374841,0.362797550151525,3.28721745823657e-07,0.783129866413191,-8.10758163081551,-8.47210794877918,-8.8907114972287,-8.83215240952219
"Spanxn4",0.195348497306691,0.464434832023101,3.46324029454337e-07,1.05990667971209,-9.2593098260224,-8.68482484601657,-8.1994031463103,-8.37969721401664
"Lrif1",0.187901557769465,0.501467647062932,3.56173452065178e-07,1.0185601647116,-8.43516914353168,-8.51133079765105,-8.92332281256061,-9.52989096236265
"Wbp11",0.0794312063385994,0.267493114427224,3.66406244012296e-07,0.430171320515661,-7.4625541520376,-7.65115341153953,-8.0813247320552,-7.86580675590568
"Prr22",0.137767137513766,0.342452160938227,3.6970339456488e-07,0.745877257046205,-8.22643778997401,-8.80371191462976,-8.97231504702022,-8.91465533658606
"Egln2",0.113763633124197,0.263906895158763,4.2327515892282e-07,0.613160412282846,-7.04055036036067,-7.22706633238487,-7.65371077264351,-7.18410551219098
"Maats1",0.173886975237086,0.49572954661284,4.54747672851141e-07,0.934967898930484,-8.30065335338882,-8.73823844499933,-9.23562125231931,-9.39016775002238
"Cep112os1",0.12951400364805,0.34756582988297,4.92010107322471e-07,0.694540590550309,-8.98589065561327,-8.53878134202806,-8.26925989708224,-8.96380048763254
"Prkg1",0.0934437381114266,0.21767510144511,5.34220401249286e-07,0.499717098567348,-8.28340230896588,-7.88099439487718,-7.78368521039853,-7.93405168164428
"Amn1",0.182833788134565,0.429062699218735,5.42611233278478e-07,0.977239949739737,-8.01147148442331,-8.29017373758393,-8.67617707175315,-8.98871143416304
"Sord",0.100825074939895,0.22469838973454,7.45035797056204e-07,0.533086821095644,-7.09514526731364,-7.15591783890852,-7.47885437887834,-6.9457675577827
"Atp6v1f",0.124356424274958,0.286510159771754,7.4647294745489e-07,0.657458963389383,-8.15543637615575,-7.89418726829606,-7.65910445806202,-7.49797741276637
"Supt20",0.0978956739320441,0.259699677711363,7.53072782799791e-07,0.517406118903626,-7.44360157449659,-7.47496601310798,-7.7654812835254,-7.9923721320116
"Actl7a",0.0951735151083613,0.228812997895158,7.57856232436183e-07,0.502908421882684,-7.7152631271434,-7.44542900965959,-7.21235470526072,-7.25641128711389
"Ankrd9",0.254118967232697,0.644196478032285,7.86367512439767e-07,1.34107620954058,-10.0403664089038,-9.29621603401849,-8.69929019936321,-8.66990250246342
"Fgfr2",0.129514946895023,0.311548853600911,8.01903432989803e-07,0.683031830815764,-8.98625551695377,-9.11703164458697,-8.65146249442248,-8.43399981377121
"St8sia3",0.0994452065492684,0.252271284997342,8.2219383701343e-07,0.523994990738078,-8.34288834906669,-7.94035201709019,-7.81889335832861,-7.80175284594716
"Pdhb",0.123992790029229,0.304093455188629,1.05003332295794e-06,0.647750555515831,-8.68202502248699,-8.72005641798361,-8.62391090158803,-8.07230586246778
"Ccdc105",0.0781215195787446,0.186117409907197,1.10977138545465e-06,0.407313818436863,-7.71042783942599,-7.60360507450025,-7.63490984506925,-8.01091889293711
"Ranbp9",0.086681807725006,0.223314789298943,1.17104701535808e-06,0.451081359110877,-8.01232063539794,-8.13536401189511,-8.17742000629357,-7.68428265278424
"Fam227a",0.158421676310788,0.749558312285124,1.21979222988955e-06,0.82320588820995,-10.5427150666076,-9.71730932208756,-8.89410343387761,-9.05819209293821
"Lrriq1",0.128586712654029,0.515986756672505,1.23834601239992e-06,0.667813462072216,-8.37936458654742,-8.5039046874838,-9.17171814955601,-9.44711909094116
"Tmco2",0.128478539439562,0.298399399569197,1.40712491791817e-06,0.664190310292446,-8.29158288093118,-7.76531444662717,-7.62739257063873,-8.06374737210277
"Zdhhc25",0.152143797145134,0.323416044504472,1.43732553725684e-06,0.785927606744933,-8.98170316296372,-8.56346824726465,-8.19577555621879,-8.65800700430463
"Armc12",0.0999064613523014,0.225661674264575,1.45790044969729e-06,0.515820116482907,-7.85424516106372,-7.63731112473015,-7.33842504458081,-7.76753751109565
"Pde6d",0.20653670784335,0.659080878271101,1.5051930128962e-06,1.06512095084958,-8.39749951066269,-8.76232223958712,-9.46262046151227,-9.85201187392398
"Uri1",0.129870346527058,0.319478637733351,1.60897674117422e-06,0.668124494507203,-8.64766135473734,-8.2247293738459,-7.97953686023014,-7.96202470697559
"Zfp597",0.089273836578311,0.276424571812339,1.69743362565811e-06,0.458375890092998,-8.5738129914585,-8.43306582084085,-8.11760986339656,-7.97468993074785
"Dcaf12",0.143523734795116,0.299987188371071,1.83658201580172e-06,0.7347918384455,-8.56910283775563,-8.19733814272916,-7.83431099931013,-8.20275199360283
"Ywhae",0.0998032641744038,0.225730860593291,2.02198684728927e-06,0.509144907070573,-7.99626068879611,-7.9244157184219,-8.43356062549247,-8.15440055039041
"Nup214",0.182313452241619,0.46209455390465,2.17714476580255e-06,0.927515582234554,-9.86017878457093,-9.78008281190154,-9.63061056950055,-8.85256722966698
"Adam3",0.0970153517241868,0.238586801168595,2.23676683441809e-06,0.49306593365455,-7.06109073168712,-7.07950162450993,-7.18094973160448,-7.57256755816448
"Atp8b3",0.0801597312657782,0.188465243209166,2.33181127340387e-06,0.406765888773857,-6.85995540741631,-6.7514833611732,-6.76907437923146,-7.15824924994706
"Chn1",0.104907352161637,0.257873404554482,2.55501738566366e-06,0.530519628960893,-8.4638825452044,-7.9333629162435,-7.90180906237948,-8.10683132408657
"Fbxl13",0.105962586449797,0.252891425252406,2.58990929369318e-06,0.535581717278296,-8.70265611199156,-8.77747448002039,-8.75144413169797,-8.2418927627421
"Faf2",0.207905356809408,0.527730113980347,2.98700076006853e-06,1.04517057257285,-8.8306837294413,-9.40343412300172,-9.87585430201415,-9.98926853919572
"Sun5",0.112018084315117,0.232360665630069,3.08990524766628e-06,0.562402967307666,-8.53139895638848,-8.23333208467758,-7.96899598908081,-8.3142057510134
"Arrdc5",0.1259933387416,0.283360550107005,3.15250259497191e-06,0.632082229586065,-8.20069584504504,-7.91563866142598,-7.66267363464766,-7.56861361545897
"Fyb",0.106047536459105,0.352599275952225,3.15349225665784e-06,0.53201191326305,-9.08465383280585,-8.83904446068929,-8.46799212105903,-8.30703254742624
"Clip4",0.0861723657187602,0.195856735747095,3.38645548669803e-06,0.431121527225909,-7.51653572632283,-7.23502333418746,-7.08541419909692,-7.11879557130977
"Eif4g1",0.217021341479531,0.582604408729624,3.39816270722437e-06,1.08561641281263,-9.79052125348959,-9.63029466721534,-8.9576026842186,-8.54467825440271
"BC048671",0.127382630972263,0.284716898390043,3.82605903892497e-06,0.63429450334572,-8.5906479517446,-8.05036299210134,-7.95635344839888,-8.0905995540334
"Hagh",0.126044001076215,0.263023990687363,4.02669095000974e-06,0.626380854287351,-7.54935234144352,-7.76571586517005,-7.74765904541584,-8.17573319573087
"Hdac11",0.205173003795155,0.575967683009178,4.65408151884006e-06,1.01383959678945,-10.1326068188902,-9.82948005265663,-9.83432126279373,-8.81564045586718
"Adam6a",0.329111428648074,0.726339790802138,5.1063233987847e-06,1.62030783109312,-10.5557612302551,-9.77153303014801,-9.15473647747249,-8.93545339916197
"Zfand6",0.185323082718565,0.443044631006855,5.18257849435599e-06,0.911860005435766,-8.86730905916324,-8.08545015981533,-7.95544905372747,-7.93340961082775
"Epb4.1l2",0.0923782936168912,0.197396808278572,5.34340626545671e-06,0.453983478512714,-7.69408047907064,-7.47954922351106,-7.24009700055793,-7.3358785697732
"Fam229a",0.101735457451148,0.205278721167868,5.38699492613759e-06,0.499806311401579,-7.85017845156609,-7.58515655683256,-7.35037214016451,-7.5526133205948
"Dcst1",0.1521351664006,0.329305169265944,5.64045244777489e-06,0.746038096568959,-9.07365513566114,-8.56530733090821,-8.44002703697987,-8.32761703909218
"Yme1l1",0.114490299041525,0.280458167766103,5.85175739198363e-06,0.560608523848922,-8.59123437095038,-8.62344567567616,-8.65032657974533,-8.06283715182724
"Ccdc96",0.0981325083280741,0.275026224119838,5.98329949719201e-06,0.480082575521951,-7.52517710465239,-7.67502096990743,-7.90250777338744,-8.15510354542938
"Mia3",0.211560806424822,0.587636955295182,6.01164657654252e-06,1.03479824534664,-8.61660858140826,-9.01444265969461,-9.6514068267549,-9.90328171581042
"Zpbp2",0.163241937741859,0.347962851469069,6.23885401873636e-06,0.797265632766196,-7.82790145699425,-8.07880334458352,-8.38016522290015,-8.62516708976045
"BC048502",0.100784257879189,0.20649115379726,6.51041891597259e-06,0.491378454848844,-7.40536891307986,-7.54828580976002,-7.60275495259237,-7.8967473679287
"Gnpda2",0.150264122947873,0.330324654961993,6.61070384033735e-06,0.732166372030234,-8.18245192402231,-8.34025761926544,-8.68040395405906,-8.91461829605254
"Pmpca",0.125779393341969,0.339039695779598,7.99910944282445e-06,0.608110904335984,-9.25988097917611,-9.33207521836247,-8.72396431402649,-8.69852341913902
"Dcaf15",0.238372488300757,0.563895935244126,8.03256812798026e-06,1.15227150738521,-10.2380931857481,-10.2263915654122,-10.128342336548,-9.07412005802701
"Zfp37",0.155498819033032,0.345878442163973,9.68919450938799e-06,0.74584533452708,-8.73018237085572,-8.48808068616151,-8.09679732172923,-7.98433703632864
"Ttc25",0.0848101528447007,0.203988625260119,1.0127475041255e-05,0.406036723509656,-7.15276441805384,-7.31621052826458,-7.5588011415635,-7.57741733143002
"Efcab3",0.104132010413746,0.208672830945201,1.01981737934409e-05,0.498396520542544,-7.75154679657285,-7.60056980773731,-7.53350017806643,-7.25315027603031
"Iqub",0.159037269131848,0.330935035866848,1.02623625903853e-05,0.760983611684489,-8.11986646752666,-8.36016792188383,-8.63947304553419,-8.88085007921115
"Tmigd3",0.217074286238098,0.456042237469817,1.03258453094668e-05,1.03841827917373,-9.4319659712512,-9.03662624523196,-8.63879389511858,-8.39354769207747
"Prpf40a",0.132447319511275,0.332433050207918,1.10753592696966e-05,0.63172113552507,-7.80216094083762,-8.00614255639684,-8.43388207636269,-8.48677417403993
"Gm4787",0.22428888238668,0.508493698662592,1.11534347024822e-05,1.06945148433127,-9.50788958659343,-8.85783622060322,-8.43843810226216,-8.42486209096263
"Fscb",0.206973669738464,0.485626209761938,1.30108208939994e-05,0.980445524515922,-9.3535565670415,-8.37311104252558,-8.76697707523874,-8.28878580607353
"Osbp",0.184315540443567,0.375749862378486,1.31589654679409e-05,0.872689570584795,-8.93110153456476,-8.25066052215124,-8.05841196397997,-8.34963811601263
"Otud4",0.136348252956567,0.276169888046797,1.33482049720079e-05,0.645181062259191,-8.73774843667043,-8.37405374623411,-8.09256737441124,-8.23998928114515
"Fbxo24",0.232316021212583,0.466947688290548,1.34582166770869e-05,1.09890022271006,-9.86597241220671,-9.50312616436946,-9.18858125670295,-8.76707218949665
"Tex38",0.09127534463234,0.191555614982375,1.37398153041701e-05,0.431366365693358,-7.94841969017115,-7.79948017788627,-7.85593674489155,-8.23084654357963
"Tbc1d21",0.0909939880091563,0.2564599358762,1.42997993846095e-05,0.429297550380277,-8.61609955743706,-8.4667393859422,-8.03744183556193,-8.22361863146933
"Map2k7",0.166388354840937,0.341181674591723,1.49669988416257e-05,0.783452673327693,-9.1110843944704,-9.64168854597227,-8.85823587264458,-9.0054854209257
"Dydc1",0.124415165713156,0.447673826851618,1.50138567232005e-05,0.585739315854681,-8.17858164224999,-8.45489081874461,-9.04063013459929,-9.09184306441538
"Arl13b",0.14621260508019,0.293196225754746,1.60846750585364e-05,0.686303687170334,-8.09983501098377,-8.37718406104807,-8.58229374742953,-8.7861386981541
"Ccs",0.253026468185776,0.493354119375678,1.63525757495009e-05,1.18681975625891,-8.50237900379402,-9.00182998785106,-9.22792680281903,-9.68919876005293
"Scamp2",0.0891926045499111,0.226298683796837,1.81162823982284e-05,0.416484603522083,-8.44768864095471,-8.35939808633871,-8.14491335174079,-7.94291348281662
"Ccdc178",0.195076789848348,0.39448231127265,1.84588980820521e-05,0.910159329970117,-8.17217788240625,-8.45918546775307,-8.78359085947549,-9.08233721237637
"Dpy30",0.103944074362492,0.213170152469371,1.86709257974371e-05,0.484722161780359,-8.05855628159776,-7.76424300753959,-7.57383411981741,-7.64811352309687
"Smco2",0.113432811509451,0.238046959835851,1.95165607341785e-05,0.527936474779697,-7.96026114949372,-7.56212394505354,-7.43232467471402,-7.49392166448461
"Fam221b",0.10044806879647,0.190858494144868,2.05367006240742e-05,0.466447427035211,-7.76591341819724,-7.5080146467161,-7.29946599116203,-7.5136088045649
"Ank2",0.167151291708115,0.342352166762306,2.13244760809417e-05,0.774894710516323,-9.44805335718779,-8.82071094008353,-8.67315864667147,-8.8488953428774
"Zc3h14",0.0878933918593355,0.17655652882146,2.48217685325791e-05,0.404694590338171,-7.29641334959259,-7.1364353242195,-6.99025697250182,-6.89171875925442
"Mcu",0.149336080633457,0.580945755312726,2.97754797191629e-05,0.681922823538931,-10.3121882268153,-9.59248762008406,-8.91056479654513,-9.40514045169934
"Bbs5",0.16309013185966,0.339550328674498,3.00453613841789e-05,0.744420135548452,-9.14021466403428,-9.35513999443291,-8.77126151776261,-8.61071985888445
"Sclt1",0.154324382498244,0.294750059983658,3.55525487796271e-05,0.69894021939487,-7.81016050083821,-8.00404408740842,-8.50910072023308,-8.12550606664268
"Tob1",0.499561392282038,1.61107564932488,3.57294972368472e-05,2.26200586246697,-12.8065891353529,-11.6966858788931,-12.8961437199948,-9.43468001642611
"Bola3",0.148440959812735,0.289945526985384,3.71945999373402e-05,0.670876305646996,-8.30416790012726,-8.33658069111894,-8.14816121013695,-8.81903751578394
"Suclg1",0.130613976813277,0.25667724684548,3.85181504078957e-05,0.589339870079611,-8.12022278408574,-8.01430871066702,-8.22830731466592,-8.60364858074663
"Chd5",0.12556848171175,0.245172119276786,4.72845261305643e-05,0.56108996329379,-8.6248268487757,-8.2084995088457,-8.06373688548191,-8.17999224301486
"Ralgds",0.104795600070166,0.254081473217817,4.79597578131319e-05,0.467950445287228,-8.67889910448624,-8.65323856824157,-9.12118901352879,-9.08919987876174
"Pdilt",0.0911576876703587,0.1963641606374,5.11494986086269e-05,0.405793810810382,-7.89832663180984,-7.78577617071049,-7.53266981120602,-7.49253282099945
"Lrrc16a",0.16382552251211,0.337549633633398,5.88103347554103e-05,0.724354851044888,-8.74506610138103,-8.71786754190899,-8.8895009299839,-9.44222239295388
"Spesp1",0.12259886297494,0.256153153009461,6.32144774033172e-05,0.540155327828558,-7.99895097472932,-7.98835316929148,-8.08195315583771,-8.52850849712004
"Fam174a",0.151366582721071,0.305572138430512,6.62081216891153e-05,0.665382779953143,-8.55214070450829,-8.39444710226052,-8.44270938904918,-9.05982988221366
"Ift43",0.118507069293697,0.275031428721261,6.73106633763965e-05,0.520512481077002,-7.98098628084773,-8.05263031501926,-8.04724039724264,-8.57314279609626
"Tesk2",0.180867955520864,0.326693747774247,6.91704608097865e-05,0.793344860660424,-9.18036342831958,-8.69521844689338,-9.14035957448382,-9.4885633075538
"A430005L14Rik",0.154526936424282,0.387160649247143,7.39427310794127e-05,0.675557711896518,-9.20266655372136,-10.0571936332665,-9.38163592137,-9.78791930431728
"Abhd17b",0.162746472428297,0.435221927026289,7.59167662027771e-05,0.710555184377261,-8.50755505337983,-9.00812617181731,-9.2181102377571,-9.54554721690754
"Samd15",0.138349124300392,0.290128974401815,7.68140807201334e-05,0.603680371219653,-8.25537993889491,-8.85906031011456,-8.88151297530307,-8.68160275889225
"Gm5800",0.181501601388564,0.335908882903981,8.00493608865693e-05,0.79033542229622,-8.37153546725948,-8.6298644873691,-8.85627447539149,-9.1618708895557
"Ctnnbl1",0.093407652834606,0.243756647400208,9.78533242741442e-05,0.402607956264898,-8.41270810174251,-8.29158147637868,-8.3906193050641,-7.88897352011379
"Mtfr1",0.109777362569034,0.199142369045714,0.000100326888262448,0.472558713188989,-7.77428380552201,-7.43462661728399,-7.30172509233302,-7.48752310255308
"Efhb",0.136313905564555,0.264747187367741,0.00011742218850852,0.582024518423259,-8.52068606004202,-8.45960539291542,-8.58716934677374,-9.04162991133868
"Spata17",0.0997438485226898,0.181769686482642,0.000123626695069046,0.424733049060991,-7.97187597115095,-7.75575615752138,-7.54714292208996,-7.64924958096181
"Sox6",0.178217119597737,0.321710031895503,0.000128827713227864,0.757247156318044,-9.03217473092762,-8.48884155309595,-8.51151404947852,-8.27492757460958
"Morc2b",0.122860218775157,0.276951437162095,0.000135288784207432,0.520686313108271,-8.0267882864685,-8.09976660458199,-8.41425139982126,-8.62045291769026
"Sqrdl",0.112034627324008,0.229690444804917,0.000144573457738773,0.4731343854377,-7.7922370917982,-7.48988330902623,-7.42971448631823,-7.90284887175593
"Rnaseh2a",0.119111858590703,0.208788374371855,0.000149567074480217,0.50211031741066,-7.33595956269013,-7.56350456742077,-7.83806988010079,-7.65535223789416
"Wdr63",0.257927857459656,0.588929765107063,0.000151082409995951,1.08669561629689,-8.64083861921327,-9.22830363208764,-9.72753423551016,-9.9724239514146
"Capns1",0.141401057784849,0.257506765526212,0.000152217101868413,0.595508714927854,-7.77993886966744,-8.08892128499838,-8.37544758459529,-8.25086570939936
"Trim17",0.153393785878119,0.266156477870803,0.000152523486637968,0.645946266274698,-8.55228623432733,-8.21063623104779,-7.90633996805264,-8.29296329491159
"Actr10",0.107062909253444,0.197021143346407,0.000153354968847719,0.450713930565191,-7.83278209118509,-7.57242031181155,-7.3820681606199,-7.45882096767145
"Lrrfip2",0.118439607276002,0.219430547913926,0.000163180538421681,0.496943233372376,-7.85739624600832,-7.60276811119196,-7.36045301263594,-7.4397487938186
"Efcab6",0.0966023321501654,0.282661482126127,0.000167492044447215,0.404748143499015,-7.87348131634032,-8.02211355032579,-8.42686169382481,-8.42507027943228
"Tmem191c",0.140431787603321,0.357983193939732,0.000175827080342028,0.586837020557205,-8.75063519459762,-8.54736860700823,-8.16704925899027,-7.96053158645102
"Ylpm1",0.214696169040937,0.371533246739739,0.000182893254995431,0.895247303958252,-8.53058106535772,-9.09489669352267,-9.42582836931597,-9.09281184957571
"Tdrd6",0.129883011634008,0.253767901805106,0.000187868721013285,0.54079550045465,-7.9001488029472,-8.14296152276181,-8.44094430340185,-8.41023509823261
"Rnf220",0.116368592506186,0.228655659100864,0.000192395244893007,0.48389270161179,-8.31780537390819,-8.06256270211266,-8.03308901145649,-8.51698171306828
"Shfm1",0.216620042695875,0.408602025405071,0.000224053234746613,0.893197528099854,-8.80691515184496,-8.7034802051517,-9.21254626164547,-9.59667773325155
"Sep15",0.24433012366115,0.469034920152909,0.000227822768494423,1.00651658179294,-8.77274760762536,-9.43050717823706,-9.7792641894183,-9.75572697014163
"Zscan21",0.256929092636692,0.564888589317816,0.000250864492163494,1.05269985274027,-9.09472493510535,-9.307430698503,-10.3601305512433,-9.81567807534675
"Ipo5",0.107820294330713,0.181677439228036,0.00028513466911706,0.438557864470218,-7.82214507658714,-7.59438037316331,-7.38358721211692,-7.53887580134026
"Fam184a",0.159735105984506,0.309909935416419,0.000289314453398415,0.649178730108712,-8.49291541810209,-8.50311597247089,-8.77603234133623,-9.1522947025796
"Pnmal2",0.140593440969854,0.31297650735081,0.00028974310239871,0.571336616537556,-8.61099239496984,-9.18232901150739,-9.31881284080365,-9.1630328100389
"Tcte1",0.177728147985299,0.370931866864856,0.000299417100711796,0.720879855357254,-8.29579288021301,-8.55500169540236,-9.01667273557027,-9.06385915438705
"Wdr26",0.180684895557511,0.352626071059402,0.00031271485590878,0.731035729842285,-8.35905347770599,-8.64996839129593,-9.12204680541538,-8.3910110755731
"Rfx4",0.104000478095927,0.265618115712236,0.000315455818039378,0.420564463951273,-8.84918270000031,-8.64490031905085,-8.46543877826828,-8.22433585509958
"Fgfr1op2",0.153142250737592,0.307424023106472,0.000322462461077144,0.618498623426813,-7.99362241733478,-8.05631675657277,-8.23523259503437,-8.67481537999958
"Pdzk1",0.155865530876336,0.270021720051753,0.00033759177745285,0.62781857093893,-8.44353011484859,-7.95915621017317,-8.01760285710368,-7.81571154390966
"Hrasls",0.10022915902591,0.198087428120386,0.000338608717021405,0.403647142813203,-7.32921744040501,-7.33542499981225,-7.36857994858221,-7.73907214262546
"Carlr",0.211968371555994,0.362017654566553,0.000390106658837652,0.846563098888939,-9.49936763618944,-8.97296374241364,-8.6528045373005,-9.23405308510846
"Cldnd2",0.275872545308104,0.491091295681163,0.000404898564696499,1.09934921143484,-9.7636480488376,-9.12411740676718,-8.79441496363519,-8.66429883740276
"Pi4k2b",0.23326064351051,0.397632557393882,0.000405509846191254,0.929457665578747,-9.40122504445329,-8.908591667319,-8.69091783390482,-8.47176737887455
"Spaca6",0.156453187874886,0.353571022055684,0.000408827081632257,0.623105509055483,-9.52725537723898,-9.42768234390708,-8.95156642828138,-8.8045768348516
"Tpgs2",0.113986037067885,0.192900118753923,0.000411444024482677,0.453798927100866,-7.25400867713808,-7.4083262102297,-7.70780760423895,-7.37382835293364
"Smg7",0.184994121798531,0.317972209001159,0.000441033505729216,0.733435822603351,-9.15389431692716,-9.57230467088596,-9.39675785962515,-8.83886884828261
"Ndufaf2",0.125001650466044,0.203150227336958,0.00045418702465394,0.494709987659538,-7.92477858442602,-7.7137467486097,-7.71689253433995,-7.43006859676648
"Gm13872",0.292861395680152,0.506495343887967,0.000470404113789513,1.15657907097351,-9.82544156630982,-9.04422480371964,-8.66886249533631,-8.8668392875521
"Pifo",0.101631389870711,0.269615182132171,0.000471738772867436,0.401297511543353,-8.78537004917336,-8.7135844932432,-8.31228698169984,-8.26105802473993
"Tax1bp1",0.102222426688189,0.196326557632442,0.0004762658323747,0.403397437847595,-7.59545031483229,-7.60422716428264,-8.00762460213024,-7.65631678590236
"Zfp13",0.277176387475212,0.468920308210187,0.000482596305896088,1.09293617834403,-8.6204773361258,-8.89003340290738,-8.95198285310401,-9.71341351446983
"Ncbp1",0.135166008666348,0.229742892142852,0.000540330945944856,0.529301069837294,-7.59639466235082,-7.86076703051944,-8.01701027038404,-8.12569573218811
"Asnsd1",0.17969618798469,0.29692372316974,0.000560664987058423,0.702075325506401,-8.13573383454145,-8.59870283590675,-8.83780916004785,-8.63771171908482
"C87436",0.171405066096258,0.275172839786535,0.000581765164722192,0.668149601130297,-8.44062476998315,-8.76228985807464,-8.84216991944665,-9.10877437111345
"Cacul1",0.137979140229603,0.22547558035102,0.000588799685137698,0.53745104882552,-8.43175612163708,-8.09543190120002,-7.89430507281156,-8.22250995719372
"Rsbn1",0.120130840446398,0.230536125632063,0.000596873805120968,0.467532318269171,-8.17954839652985,-8.136295654725,-8.1205445345831,-8.60382797299417
"Spatc1l",0.140120856835397,0.229314926961997,0.000625253485001753,0.543749784631931,-7.87767182726709,-8.02753889177165,-8.10842576881258,-8.42142161189902
"Zcchc2",0.230804785106967,0.490232291806453,0.000656517475147833,0.892913231109835,-8.88619723627031,-9.50406484714304,-9.77911046738014,-10.0251366994942
"Sox30",0.136009777118535,0.225629853809192,0.000662989480999077,0.525854827716518,-8.41443212643348,-8.10416165344923,-7.88857729871696,-8.00421653526558
"Herc4",0.145723881941299,0.249194635655245,0.000678624749431034,0.562583133576725,-9.49141959982293,-9.5685058741784,-9.00592274060168,-9.37332493271449
"Ubxn4",0.115318568482551,0.225297118688768,0.00068729067536788,0.444842419934535,-7.50031497252999,-7.80531959593096,-7.94515739246452,-8.00531249390546
"Dnal4",0.19708634610061,0.403759749429986,0.000701481514888691,0.759276960213228,-8.51079343065455,-8.8077085406538,-9.27007039086778,-9.37439494131239
"Plekha6",0.221004520183996,0.349532128906491,0.000713900302018011,0.850472102814576,-9.71255699600915,-9.22198724958968,-8.86208489319457,-9.21363200126343
"Zfp217",0.172499006231688,0.314100183845274,0.000737012079132793,0.662464719861559,-8.87882781533162,-8.31438633100799,-8.21636309547006,-8.23808516736239
"R3hcc1",0.167578807500019,0.271158041216,0.000738806679999371,0.643469149669924,-8.09181028873173,-8.29774429040141,-8.45337874812406,-8.73527943840165
"Smpd3",0.179592603146612,0.289949604113154,0.000780729976898709,0.687162286169796,-8.76992336281334,-8.57049768917846,-8.81110344087729,-9.25765997534826
"Kpna4",0.145493164609352,0.324034006528141,0.000797675127706565,0.555920150616286,-9.24006570987861,-9.07669493581629,-8.74378280069302,-8.52077478520001
"Cep112",0.145650065780122,0.251158427255206,0.000803358418860256,0.556264613672178,-7.62828920821765,-7.51739354030385,-7.46316553643364,-8.01943015010581
"Mlec",0.223395360128338,0.399860334751036,0.000816186062109203,0.852314872736674,-8.71988277562435,-9.13079984200523,-9.57219764836103,-9.53472769332281
"Eps8l3",0.217598086794792,0.364405605913449,0.000818631759564425,0.830035901259189,-9.36747683381258,-9.21286241444403,-10.0428983157032,-9.64870738820519
"Ccnb2",0.121970870520715,0.196997489661543,0.000854818979648897,0.463957758879548,-8.35903910700354,-8.22153729272215,-8.36043354486906,-8.6854950516017
"Srp9",0.134784459416671,0.271367719885665,0.000890650010841654,0.511326690469348,-8.55178029490015,-8.86326863911016,-8.93176258664815,-8.35194194864081
"Myl10",0.286722373185241,0.443658722036512,0.000943080283133391,1.08365064858829,-8.79785539312395,-9.3786642219401,-9.40849252099521,-9.88150604171224
"Arpc2",0.188817303206181,0.306058887932815,0.000947696313856383,0.713394480910685,-7.85979880329016,-8.10725314323618,-8.33753767777098,-8.57319328420085
"Rpgr",0.171823307037839,0.264679339417219,0.000993552778263407,0.64716210558251,-8.99339455057141,-8.6992858849769,-8.69499912072401,-8.3462324449889
"Fbxo30",0.128854719971176,0.27477793356599,0.00100469966466799,0.484964309826227,-8.0751370141961,-8.23031118430733,-8.71527549413356,-8.27199482567753
"Ttbk2",0.148969215148838,0.41350645891683,0.00101564452234015,0.560264708503984,-9.65199780063257,-9.21334491449983,-9.29706376494853,-8.65308020599585
"Acsl6",0.262183473231592,0.518753432029219,0.00102185066962557,0.985657515342357,-8.88133423514394,-9.18029573560916,-9.8669917504863,-9.93829453587913
"Leo1",0.159944710799895,0.345150029265276,0.00103974946746543,0.600603922891997,-9.73048106858259,-9.51664097635622,-9.35516087531728,-8.91603705346423
"Usp4",0.233024384436908,0.406639094513579,0.00105114650342042,0.874386905074719,-8.79843931068589,-9.14059227418472,-9.67282621576061,-9.58301817643046
"Mipep",0.119832064565908,0.192832657315797,0.00105485162396413,0.449545060369885,-8.05509146741822,-7.84145927306473,-7.60554640704834,-7.95193167555878
"Lrrc72",0.159562943340141,0.281315173357486,0.00106268120011555,0.598297963628237,-9.37082071763779,-9.37594416231295,-9.14213479534837,-8.77764619868472
"Aurkaip1",0.152743036027151,0.258918866484841,0.00107526143822145,0.572275042102993,-9.05160816100285,-9.13686482301228,-9.03581461977327,-8.56458978090929
"Trim24",0.241495161886926,0.380116064734643,0.00112533323021013,0.902036137997326,-8.25102689108198,-8.52683152075597,-8.7342941901753,-9.15306302907931
"Lztfl1",0.145507273944841,0.40307852570806,0.00114700168701898,0.542802072869183,-8.75625461078135,-8.93871964606639,-9.48152171893557,-9.5787938381348
"Dgka",0.166105768278265,0.258990311625094,0.00115257895096166,0.619439921887903,-7.76550014696192,-7.97988086149407,-7.9769540544621,-8.38494006884983
"Hipk4",0.192341310760275,0.316528410580387,0.00116344117021239,0.716822438015285,-8.50870085297844,-8.65862546299973,-8.93750088252903,-9.22552329099373
"Cep72",0.123411554798142,0.362332037442996,0.00137544896055841,0.454697602276399,-8.45596156829877,-8.64722183637241,-9.1019194386488,-9.21622196834716
"Ints6",0.129079561865863,0.230811176883947,0.00147626150665081,0.473249985033396,-8.84132144954788,-8.82190424002963,-8.74486546231014,-8.34865425499624
"Catsper3",0.13297368443365,0.220014767506002,0.001487385314904,0.487271724574056,-8.90052486456383,-8.67129340194692,-8.41325313998977,-8.47420072692424
"Tmc5",0.165555298484443,0.29696544329526,0.00150891855773416,0.606055145211327,-8.4430285891207,-8.47828451139252,-8.59003534030115,-9.08433965660385
"Gpatch2",0.137291424244081,0.297912728506733,0.00152525498755107,0.502209521283561,-9.03422519184338,-8.93220166278988,-8.52308734355046,-8.42999214150632
"Fndc3a",0.193677136470428,0.345724552660026,0.0015292316260429,0.708338130887752,-8.61838308429466,-8.66581500923664,-8.87050904084387,-9.37415314012439
"Ell2",0.199561729548269,0.313303630175644,0.00154483025779051,0.729340474148925,-8.97330089674898,-8.63566455582576,-8.4243494015409,-8.24396042260006
"Scaper",0.211613326182509,0.323522855283796,0.00154494408422945,0.773381578166608,-8.19612810507777,-8.45540337366584,-8.96950968324438,-8.46624408323095
"Oxct1",0.221346970967203,0.347913599854449,0.00156797387896468,0.808114351121869,-9.25995049337312,-8.65464488666011,-8.45183614225125,-8.6756345620901
"Ubr5",0.233105059750931,0.349499363689098,0.00157007345586768,0.850961779130584,-8.43148691223083,-8.93403554793097,-8.90637247138406,-9.28244869136141
"Etfb",0.228955837515863,0.342245567946252,0.0017125359342125,0.830693733371689,-8.89858987069064,-9.22139708696866,-9.72928360406233,-9.31277720063754
"Alkbh3",0.113083550732387,0.169446883473865,0.001965472494172,0.406247431152412,-8.89539846051958,-9.05800725578474,-8.65175982463233,-8.81037764738939
"Rwdd2a",0.126075779418659,0.39120001240708,0.00199021540072364,0.452510368295609,-8.62092874569303,-8.7675931185216,-9.22010348681721,-9.46285661683165
"Rnf216",0.187617530232394,0.293963407626244,0.00201004625121204,0.672910482625875,-9.12939414752359,-8.69069144757207,-8.57313440171202,-8.45648366489772
"Cbll1",0.196358513328075,0.489103728277724,0.00204064339050358,0.703486686173905,-9.37378447155895,-9.55415804522761,-10.2576447314015,-10.3411246573155
"Ndufa5",0.126208835432502,0.193905739606237,0.00209743858279676,0.451258376242071,-8.01236197797862,-7.75297703167692,-7.6587383483499,-7.56110360173655
"Mfap3l",0.112638606283115,0.202289731914378,0.00211151810311572,0.402540983765468,-8.29453067945228,-7.89198969568681,-8.16820018866967,-7.89314825827606
"Ctdp1",0.129634661291659,0.218103845313209,0.00211803874169947,0.463175829208136,-8.16016258479567,-8.55944497787036,-8.62333841400381,-8.59684344089676
"Cfap44",0.142141073387401,0.240735847773339,0.00223164787985519,0.505913011796947,-8.78283230491334,-8.74944248261081,-9.25535549440775,-9.06459877769858
"Ntan1",0.202636742690377,0.301906392602313,0.00234876858728095,0.718504141373923,-9.52526469491848,-9.08147827076281,-8.80676055354456,-9.01920752155026
"Enah",0.169544603668138,0.297529431796285,0.00242393596050805,0.599757923937991,-8.09292658880837,-8.14307078803146,-8.39966045780142,-8.74282871196945
"Spag8",0.199062112093358,0.300226907599449,0.00245593956368229,0.703485223661293,-8.47524832357826,-8.6995425811496,-8.91170425218425,-9.17873354723955
"Dot1l",0.216273765187341,0.375477359134037,0.00246854700551413,0.764018440075084,-8.82342413113054,-8.8844442978365,-9.13657699072786,-9.64846273791158
"Rmnd5b",0.387282251100044,0.656338866140537,0.00247018193741599,1.36806291998495,-9.26469391685027,-9.29612375822608,-9.88443815475589,-10.664186678211
"Ythdc1",0.206806185390589,0.310637381654986,0.00247597899996066,0.730408451856022,-8.94468707864373,-9.67509553049975,-9.49394472360062,-9.38560542144922
"Ubp1",0.13224071798671,0.227996147937104,0.00250892106757838,0.466591985325561,-8.64296578197531,-8.17637379664975,-8.16037772557398,-8.23968808241135
"Rec8",0.136529256032115,0.250370264219687,0.00254901749248138,0.481150209601131,-8.41997908601583,-8.50856704942286,-8.64913905550962,-8.98971725902399
"Pfkp",0.227937748232607,0.342202078850718,0.00256790971035548,0.80284179756673,-8.56401011589272,-8.75817139779453,-8.87349385483678,-9.36685191345945
"Dpy19l2",0.15665196901235,0.583987806340039,0.00261655665598726,0.550979381066337,-9.13740460009524,-9.0987175142236,-9.64969689528993,-10.3497570701802
"Nol4l",0.185929498401746,0.287387972654323,0.00262802754741465,0.653738978835918,-8.49354403089724,-8.54628515461207,-9.02760830950131,-8.37386933066539
"Isg20",0.121612307347881,0.203610395875774,0.00266283844080784,0.427170917817717,-7.88090294203394,-7.64385274562995,-7.61976904026742,-8.04693995808514
"Grip1",0.264090616068047,0.404663572160851,0.00269888526419404,0.926690957068951,-9.68808273482123,-9.07346241542029,-8.76139177775227,-9.42364128422848
"Mdm2",0.162850394814984,0.240977060867797,0.00278221913059218,0.570121694165808,-8.61432067989545,-8.32051778723888,-8.04419898572964,-8.20176914989154
"Ppp1r36",0.207409660040897,0.300984642040562,0.00278916196813972,0.725981104954471,-8.32514522018756,-8.57689188513284,-9.05112632514203,-8.64999187085272
"Cab39l",0.127751509420091,0.21237706088655,0.00280031833529915,0.447023460639107,-8.87521523642794,-8.95354972604876,-8.60972511735337,-8.50652626540965
