"","V1"
"Adgrb3",58
"Nebl",10
"B3galt1",5
"4930402H24Rik",11
"Plcb1",22
"Hdac8",12
"Nlgn1",42
"Tnik",17
"Nfib",28
"Nfia",28
"Gabrb1",18
"Slc4a4",58
"Fry",17
"Ptprz1",25
"Grid2",114
"Apoe",85
"Luzp2",7
"Fgfr2",11
"Cd81",30
"Wdr17",1
"Ntm",76
"Msi2",29
"Car10",70
"Pitpnc1",6
"Prkca",6
"Npas3",18
"Mdga2",15
"Ctnnd2",39
"Cntn1",27
"Lsamp",179
"Zbtb20",51
"Ncam2",6
"Qk",16
"Trpm3",50
"Zeb2",4
"Gpm6b",31
"Ank2",88
"Negr1",59
"Magi2",53
"Adgrl3",15
"Sox5",2
"Ctnna3",4
"Gpc6",10
"Gria4",57
"Gria1",17
"Rgs7bp",36
"Prkg1",16
"Esrrg",13
"Lrrc4c",32
"Frmd5",5
"Macrod2",13
"Snhg11",118
"Nbea",39
"Gria2",51
"Unc5c",23
"Dab1",25
"Dpp6",71
"Wbscr17",7
"Nxph1",4
"Cntnap2",54
"Ccser1",22
"Cntn4",10
"Ube3a",18
"Fam155a",31
"Inpp4b",21
"Wwox",10
"Cacna2d3",9
"Nrg3",15
"Fgf14",122
"Opcml",17
"Ryr2",33
"Hcn1",16
"Rgs6",14
"Nrxn3",117
"Meg3",217
"Zfpm2",13
"Csmd3",18
"Cadm2",69
"Erbb4",9
"Slc4a10",14
"Frmpd4",58
"Sh3d19",4
"Agbl4",4
"Exoc4",6
"Bsg",29
"Tmem108",9
"Enpp2",8
"Ttr",17
"Gnas",85
"Actb",75
"Tjp1",5
"Igf1r",16
"Tmtc2",10
"Ptprg",4
"Itm2b",127
"Sptbn1",27
"Ebf1",7
"Ubb",53
"Calm1",156
"App",36
"Hsp90ab1",83
"Ptprm",17
"Tcf4",56
"Sgms1",5
"Strbp",23
"Dmd",52
"Macf1",55
"Syne1",44
"Csmd1",9
"Ckb",206
"Ptgds",19
"Fth1",96
"Ptprd",35
"Kcnd2",140
"Lrrtm4",4
"Mgat4c",5
"Adarb2",1
"Nrxn1",132
"Xkr4",19
"Dpp10",30
"Pbx1",26
"Rgs7",17
"Frmd4a",17
"Etl4",21
"Gpr158",15
"Lrp1b",27
"Lingo2",4
"Kcnip4",228
"Auts2",49
"Grm8",5
"Grm7",8
"Tenm4",5
"Ank3",36
"Syt1",55
"Grip1",5
"Sgcz",7
"Cacna1a",63
"Kcnma1",32
"Pcdh9",96
"Hs6st3",5
"Sgcd",1
"Spock1",24
"Pde4d",21
"Oxr1",42
"Rbfox1",123
"Dlgap1",78
"Slc8a1",6
"Arhgap26",23
"Rims1",74
"Cacnb4",31
"Galnt13",27
"Zfp385b",21
"Snap25",164
"Il1rapl1",34
"Ppp3ca",91
"Astn2",47
"Pde4b",56
"Pclo",39
"Caln1",51
"Ctnna2",28
"Nav2",19
"Otud7a",39
"Hivep2",12
"Grik2",53
"Kirrel3",39
"Dock4",26
"Rims2",35
"Pde10a",34
"Dlg2",41
"Nkain2",5
"Asic2",5
"Srgap2",10
"Dennd1a",7
"Ptprj",9
"Osbpl9",19
"Frmd4b",3
"Tmcc1",15
"Gm20388",21
"Ssh2",14
"Gnaq",15
"Dst",45
"Plcl1",11
"Cst3",42
"Nav3",8
"Large",16
"Chd9",21
"Tanc2",1
"Ddx5",55
"Elmo1",9
"Dip2b",16
"Ldlrad4",18
"Tnr",4
"Slc24a3",8
"Gria3",14
"Slc24a2",22
"Erc2",7
"Cacna1d",13
"Rora",190
"Ptprt",5
"Grm1",32
"Spock3",11
"Eml5",15
"Tmeff2",20
"Hecw2",9
"Dnm3",17
"Cdc42bpa",34
"Fnbp1",37
"Plp1",132
"Pex5l",10
"Kif1b",57
"Zfp536",7
"Ube2e2",23
"Dscaml1",5
"Sik3",12
"Ncam1",37
"Clasp2",6
"Rtn4",26
"Mapt",33
"Edil3",6
"Mast4",8
"Mbp",30
"Nfasc",14
"Lhfpl3",4
"Pcdh7",4
"Slc35f1",5
"Dscam",3
"Cntnap5b",4
"Celf2",32
"Garnl3",15
"Car8",137
"Calb1",93
"Ksr2",15
"Itpr1",113
"Atp2b2",42
"Shank2",5
"Anks1b",230
"Pcp2",65
"9530059O14Rik",5
"Kcnip1",7
"Shisa6",10
"Strn3",14
"Ttll5",27
"Cdh18",44
"Myo10",5
"Mtss1",30
"Zdhhc14",13
"Ptchd4",8
"Malat1",1244
"Plcb4",35
"Tenm2",20
"Dgkb",7
