"","x","y"
"f4e9c023-f3db-4f6d-9212-72b4dc77a3e3",1225.409571,-3825.694732
"b918064b-14e5-4c76-a868-7e2b552f098e",1232.785141,-3878.96677
"f5a6205b-717e-4aa6-9b4a-2bb7de0e76e7",1252.305187,-3835.562108
"9ebf1a3c-46d1-4ac1-a519-f438234e2183",1265.839329,-3937.000258
"e381f712-3bac-4626-9b1d-da94a3bc768f",1324.959698,-3871.20094
"ed0231aa-9e40-48d3-87c3-9211a6099631",1326.671952,-3937.474655
"1e14f6e5-f608-404f-9b62-f96b039a0d97",1307.53257,-3936.696588
"3fd922e5-5d71-48fa-a68c-3413313c70e2",1237.484255,-3608.875853
"8a7c4477-b80a-4ca0-a770-6be1ae1255cd",1249.326054,-3665.819688
"4331bf15-04ac-4d5b-bd1b-ea26e44b04ff",1272.240194,-3704.697106
"93a863ea-5568-480f-94f3-8162d564e50b",1270.095566,-3767.546799
"33c9b84a-fbe8-4d8b-b2d8-26b4cd97cbdb",1332.216102,-3772.431333
"8d12ed89-1c6e-4741-9730-53329b46059b",1392.410483,-3668.591393
"5edfd8a8-60ad-4700-85f9-a91ce1813a1c",1404.744469,-3626.783361
"bd1e7bd2-c525-4842-8073-a0919650e65b",1324.381835,-3679.126453
"5e0b9ca0-07b1-4e07-8f5a-5ba54a015e08",1363.070415,-3711.565966
"ffce201b-c4da-4699-ab20-8b1e2f4f59ff",1384.550946,-3793.802491
"fb6f6257-ff4a-412d-af4e-27990e354169",1323.081566,-3745.172889
"a8549444-2a11-4743-b0cc-9e49e2113f19",1253.524121,-3704.991306
"fba0acf1-2c75-4386-8556-4230a60b676d",1309.314371,-3615.358695
"2958ebb3-4462-4c8e-bb97-6538286e8dd6",1327.232749,-3428.035003
"cb0a0ce6-1a94-47d4-a9e8-5cdfc6b1a28c",1342.418325,-3482.518848
"880d6837-724c-4769-86d9-853d9bc4405b",1365.56806,-3409.955363
"f258c693-2f67-482e-a58c-97f8c19632e7",1377.673834,-3424.903691
"78f2b967-cd8c-45c9-9bb3-ecead3e50381",1281.41161,-3413.568379
"1e2a7275-9a36-40ff-af9f-577a09f5560f",1281.948782,-3462.392334
"75a95661-3f27-4aed-9f69-b422e5918e31",1311.687229,-3493.324977
"8ffd01f3-14a0-4279-84fd-e6b14490645b",1236.565745,-3382.582449
"7b7c8448-b2e0-45c5-a24a-b83da7f8b32d",1341.9708,-3335.164452
"37cf4190-30bd-4f11-bd2f-66e231f3e0c4",1401.564787,-3368.52812
"6b2ff2ce-04cd-449f-9b5d-a2e20e2c374f",1238.775474,-3043.341607
"49c71ed7-679f-4b36-8292-3c7f5f48c4d5",1272.940675,-3111.562058
"38849158-8c7e-4d48-bc47-2f3b8ef00ec7",1307.797324,-3169.469421
"bd1cfa1c-877d-421c-ba94-8e20eb319ebc",1348.169325,-3061.579121
"7c8f16d2-4c84-4f03-a788-f347a031a427",1354.903348,-3153.600449
"d352efcd-673a-4b26-b80a-68d532f44898",1359.570505,-3018.833621
"95215671-9d7e-4714-aa08-0ae0e79c1ce2",1295.616587,-3084.008723
"4d104fcf-bdad-4418-bd5f-33f30c491aaa",1334.777859,-3150.4477
"4af53059-5d7b-4fc3-94a6-fd5adac759e1",1389.428327,-3125.188953
"a9e6c149-82b1-4cc8-8418-50cb9e046b65",1404.791375,-3105.40923
"592dbc6a-866b-403b-b4c8-34987e4372b0",1329.700472,-3038.831079
"a0b1c285-145a-4c96-8425-e60714348785",1340.552113,-3159.97444
"20646976-88b1-4379-8bc8-66a0fdd7ac4e",1227.010669,-2809.226461
"3a5563cc-6f50-442e-b1f2-d8f8c26beab4",1231.617663,-2964.142486
"77ff7862-e345-4f30-87d0-d0c4f952a923",1250.021271,-2894.308528
"f14503b5-60ca-4f54-a1c3-2ec633e1c61f",1281.39417,-2886.268828
"40d5a90f-d234-4af7-a54f-3f0563dfeafe",1368.558189,-2904.019379
"57bdcfe5-3fbd-441d-93fe-0ddf91504727",1245.549184,-2846.577613
"19753348-0157-4596-9b6b-b685eeff761a",1225.241098,-2913.312757
"d0e9be2b-4fe4-4fdc-b3ce-466e370c5817",1292.073699,-2965.284921
"1a5ce7f1-ed1e-4edf-9727-da1bd2991edc",1380.025627,-2840.545633
"98c76211-9a59-478d-946b-c5d43f6f7042",1297.676786,-2867.61479
"fc964eaf-ad97-441d-8293-b677d62d1f12",1253.539216,-2787.689141
"76a6ffb8-75c9-44ad-889a-209b05cafa24",1255.374242,-2722.031072
"2096dc19-2d13-4c84-abf8-de6c1727959b",1265.060228,-2649.274274
"2014e967-ff11-44b2-9f50-0b6b084272ce",1299.856854,-2628.126976
"9cfe430a-965f-42e0-8f18-9c88ea2d9ace",1306.329439,-2768.836188
"16171e3a-7883-4ad8-914f-65a9b0c30d7f",1382.541067,-2777.519908
"41bd0f1a-bb74-431a-8e20-4572cc7af96e",1245.79738,-2484.532891
"e41b86e0-ec76-4045-8b6b-7f20b8e1ee8a",1254.792611,-2541.047515
"7e0147f4-708e-48a8-890c-536e6584da81",1277.037682,-2478.798367
"f11e6611-f06e-4381-9578-670e59ac513f",1280.205388,-2462.586884
"c4452b8b-e938-4b7f-8828-42a8a8d9b666",1289.467237,-2537.713338
"7458fc32-5174-43ee-bb69-4fe31b1c3531",1296.833753,-2582.156984
"731f211c-d5fe-4b03-8169-b34515847370",1299.783125,-2453.737736
"083ed00c-1f55-44c3-9d5f-72ac2a5e0648",1340.895456,-2525.532743
"9fa27bf8-ff42-45d8-ab84-baf9951a0987",1355.635295,-2451.402902
"30455e3a-1cbe-4ed5-8648-d64db8ea47f7",1274.400954,-2575.457587
"50d65364-f33d-4823-8230-ccdbe07578a3",1242.079271,-2266.86344
"0913531f-8721-4358-9fdf-44f1410c817b",1262.661366,-2219.218544
"74a9629b-fb43-46b2-bee6-93d7b0af6793",1314.898657,-2281.917272
"91a4f32c-fd46-415a-be56-1c4eecaeec30",1322.644487,-2225.431564
"e16eac17-f574-492f-ba98-0c397efddb76",1350.682731,-2308.352635
"25f7ed69-c694-4f9c-8a0f-87caa1ccb80c",1356.249709,-2308.779804
"974ff951-1d87-4774-a36b-fe6d69b786bd",1389.892147,-2219.238334
"0e83cc63-3d2b-43aa-92ed-a036ef639b8a",1396.925318,-2238.278001
"869a86f6-9084-48e4-ac37-a78759d701f4",1404.939663,-2252.568951
"79181582-7b38-4d5a-968a-711ee2d1aa76",1407.558892,-2234.186566
"633408f5-f07c-41e6-976e-5dc5f113065a",1257.976701,-2232.066993
"d29e1486-1ecf-4ca5-a75a-ed240a3a0b33",1319.054862,-2274.819047
"207e5877-3d98-4386-83ef-534aa067a0eb",1425.955711,-2243.152625
"e63a1ddc-adcf-4639-8390-976c5001dd09",1429.908599,-2325.771327
"15214c70-5a6f-4263-a2d1-1b0f21ffb176",1488.558745,-2363.334292
"211631e5-4646-4f4f-aa81-314188efe43e",1508.684056,-2264.457343
"8461bace-fc19-4ac7-9950-50a5e88ae3b2",1574.48549,-2365.969654
"a511a216-ee76-490e-aed0-e3f04df39a39",1591.167035,-2302.185196
"e46899a9-9f76-4300-8ffe-e8ff093a33e2",1544.330305,-2289.862336
"76051bd5-76f0-4319-b471-1f2820ad357f",1528.349267,-2229.092963
"6fefe06b-97a6-4d7a-a42d-1e5e21b189f6",1538.954028,-2228.121547
"8281e87e-ba8f-4d89-b56a-88bd0d3c1b4a",1541.300127,-2382.710994
"6c105983-993e-4828-bdea-2f5a11b271d9",1439.74854,-2486.726679
"da790f96-80e0-4e58-ab95-746b37ec5e8d",1451.046199,-2486.866721
"0c90b8bc-bed7-4e99-8787-223be98f2bfa",1496.840081,-2495.606172
"1265079f-ad6f-445c-97b9-813fba2bf620",1510.46137,-2427.882038
"7bc02748-2302-4688-a24d-4273356e6939",1516.695127,-2553.778527
"95ea2c56-7b8b-47b0-baf3-a4287df681b7",1481.603792,-2450.465878
"d9a611ae-fcd1-4634-94df-90b1285ddd25",1436.582453,-2729.298669
"065cd126-52ff-42e2-8432-e6f5ed498deb",1459.324586,-2655.168411
"2bd2b82b-5fb2-45a8-8bbf-cee1e2a2e9ce",1467.856819,-2716.54528
"a151ad5e-e675-4aac-b1e4-ee51a630ba54",1467.450047,-2791.319833
"e70e71fc-1c24-4ec4-9b8e-0fdd7d6a51ce",1468.820544,-2759.799813
"01b0f3b0-f711-41ba-a343-2a91f6bb092f",1494.713511,-2682.67263
"029903b2-a10b-45d5-9f03-1b841d3caa73",1590.851495,-2622.672048
"b3b9693c-4a37-4107-8541-cae082ac2ea5",1590.097489,-2705.292741
"f297c51c-c58d-4d1c-bd3c-1e8d7a4c39ac",1455.192636,-2745.637274
"38d2ffbd-f9b8-42ce-ba83-4a67eb08ff3e",1537.082897,-2711.801465
"191a8e7a-1085-4e5f-99f4-ec883f8b1459",1567.435011,-2648.569938
"c4b05c17-b4d7-4be5-bb54-77cf7c20bc7c",1572.955679,-2735.359864
"2c64924e-4dc0-4452-88eb-255ad468b737",1520.662376,-2726.349461
"ad7937f0-9824-468a-912f-cd515d956fc1",1448.455336,-2927.606437
"57dc347e-9b6b-4e74-8e92-2bea2d188a13",1453.494275,-2905.571173
"8c254d97-d318-48a3-b20e-866d1974f2dd",1448.715471,-2827.502004
"fe3f135e-cf5a-4788-9f4d-c3e1dda191c5",1471.631844,-2968.699562
"b110dc57-39f8-4751-8713-3056c90a29bd",1532.81373,-2959.629548
"9725cad1-effc-4c51-8b95-c8284131a5ce",1550.28098,-2903.9494
"0409a629-f574-4ed8-9a8b-c10434372e8d",1525.678329,-2943.990894
"0818135f-503c-4750-bff5-aa08a53c777e",1533.857271,-2880.268014
"ffdffb1e-5387-4b92-93ec-9eb94da6da9a",1564.186054,-2973.735666
"ca5183e4-be01-4b87-a24b-ac956a85a8ea",1520.631816,-2858.838764
"ba508a74-504f-413f-b7d5-87ee8f04e2fb",1530.67174,-2908.534414
"c6ddb9bd-1603-4ece-9f40-608b73c04c76",1577.414328,-2990.210653
"4d885781-a435-47b9-870a-27b9fb2e2974",1574.472655,-2888.061041
"f373e11a-a8e7-49a4-9bc8-00be5170170e",1505.721847,-2809.143336
"5b7c4a22-d010-4976-827c-47e4549bc763",1430.952804,-3143.668247
"6c876db8-20ff-4ef8-ae86-39205dff1148",1457.541935,-3024.335995
"220567cf-008e-4279-93ed-c6a44dc02c7f",1529.066992,-3092.067607
"aeef3628-101d-4d89-9797-ab3bb9af6d6f",1593.668925,-3154.573611
"5b044080-32a8-46c6-9d5d-21bed6bde24b",1520.63422,-3043.150587
"b6d06eb7-71ea-44fd-88fa-f79ccb973e7a",1515.239546,-3149.28798
"c5127c39-4709-4ba6-af21-c67273438e03",1474.722114,-3270.310839
"833891d1-174d-4f05-9c9a-be6cda0f3c3f",1516.33716,-3258.740357
"093a3018-ffe4-4c50-b857-0c7e42d645ae",1543.529014,-3337.741306
"b7c7da1f-fee0-451f-adb6-8091d15b1fff",1546.926966,-3360.905318
"3444492e-fda0-4b60-9c6f-f4be392f18ed",1461.752394,-3337.699457
"c3c33f0f-f9cc-4829-8956-73b58eec7ab8",1499.861391,-3351.527402
"637dc019-64e6-4021-a9c9-5af7897a46e2",1521.102338,-3210.119602
"3969846d-114f-4509-9edf-7142bd4286fd",1574.514336,-3214.808627
"869f68b9-3618-4140-ac82-493ec77989e2",1450.865648,-3382.410158
"97cc706c-10dd-42b0-a5d5-663bd47ebcbd",1437.177819,-3220.401725
"ac35a124-1179-488a-9fd2-01412c70da90",1477.140271,-3222.571696
"0344a8b8-acb9-4d38-9c6d-2d9fc97392e0",1536.352671,-3469.85009
"e365cd37-c5f3-47b1-8f69-18e071830dc8",1564.426124,-3449.399298
"dafb06f8-4cbe-4ef2-95fd-158d298ad567",1588.472104,-3464.176451
"5b26f843-c979-42e8-82d5-83b0a5fdf509",1569.971614,-3413.078929
"6a1147f7-a8ca-4523-8ea9-d72a86c463e1",1437.446457,-3469.842373
"a914b1ce-dffa-43fc-acb4-54ea4b1146e3",1452.458255,-3589.204444
"91db7991-4159-4c9d-ba2a-8c4bad57249e",1488.44458,-3486.466701
"c1a03266-c186-4267-90f0-5587909a0c86",1451.315718,-3499.303519
"05a89355-ba67-4aa8-9e38-ad44591af420",1586.226185,-3429.28639
"69d50b31-b95e-46b0-8ee2-d088d75d1a6d",1451.913631,-3613.268822
"7ac3d31a-efd9-4925-8af4-d933800ebbda",1526.557755,-3758.824657
"cc0cb49a-74d1-431b-a617-126538740001",1535.220838,-3709.430989
"3b29c3fa-69ef-4131-a5f3-09de8561a845",1536.257934,-3769.115529
"d00367a2-ebd7-480a-9006-ddf578a32c63",1546.324857,-3719.563519
"b0a9bcd9-b330-44c6-86d8-4e58599b71a6",1586.679981,-3719.378328
"3f569364-7554-467a-84f6-248a7b66e78e",1434.52478,-3729.131838
"22174fef-a1c0-47d0-a164-63b7fa923655",1459.725133,-3769.533087
"f9b5674c-8e83-4e01-9003-912a13313d1a",1548.062049,-3704.727937
"92ca8b21-897e-4810-b28b-e672f9e12952",1436.610622,-3867.764105
"9e29d4d7-3357-459f-9455-6ce8f9a1bb67",1508.155293,-3893.276324
"d996a7b0-2f62-487d-8aef-aa600a3cfb89",1596.47348,-3880.494217
"28c4c67b-9150-46d3-ae99-cc9345487638",1467.444389,-3913.732908
"82087558-9658-449d-8d55-72fea5c71443",1453.859956,-3809.215487
"bda520bf-0c1b-46ec-bf52-6fb81756f647",1773.144217,-3841.80616
"bea2a611-4498-41cf-b8aa-f86ecdb245cd",1649.731644,-3845.723112
"cc3e3c0d-1e7f-4726-bc7f-af73af3e35b5",1655.683466,-3688.792811
"f1c41cf7-75eb-4249-a040-1435defe1ea8",1660.21769,-3720.046104
"606a3c22-1544-489f-a236-11a0760ab1ef",1727.089727,-3629.953822
"79618b27-5598-45a7-968f-c6bb58ec44be",1773.285972,-3751.350004
"996fdf9a-8df8-4882-a56a-755d5545f69d",1805.631882,-3686.282708
"503e0f67-9372-44ce-bb6e-2642f2272daf",1769.377998,-3702.992342
"6b57a66a-3666-4e48-a82c-29d6ee79a24e",1644.437728,-3541.167602
"ddb9d3ff-18fe-495a-8bf9-ecf590aa6248",1645.013443,-3409.401093
"22aa6069-5da6-4c8a-a678-497e714f32ba",1662.539373,-3410.528728
"5aed7013-2b9b-48ac-9302-25f03c6811c2",1670.490432,-3478.73125
"344c7578-83c5-461b-ad80-599c917b1deb",1647.857216,-3453.542688
"9fd056b2-6de2-4f51-a497-15dbca67b345",1800.480609,-3497.783192
"49f3809a-29f1-4c1c-9325-b0d32e4d3e10",1631.113693,-3278.976022
"8cb11002-3473-4b05-ae41-7d3b418e0166",1681.340256,-3358.175408
"f8b617db-8af3-488d-9767-e86ebbb8076c",1695.335341,-3327.886359
"f9a6c9aa-411e-48b8-bb04-1406faf7c819",1752.840925,-3371.932294
"f91a917b-8c15-4fc1-b91f-214c160c464a",1771.092533,-3321.323443
"b6a9b4e7-525d-4bd6-8334-51e00b8056e6",1662.826745,-3347.752153
"aed3a256-f4fa-4b75-8de7-a87456b4e7e3",1673.43845,-3247.895723
"3b687afa-a963-48c5-a30f-e4a2d4fef836",1723.116591,-3258.709279
"4bd7147b-3b32-426a-ad3b-0aa6c7ffe241",1654.694837,-3036.521398
"2ef2d742-78f2-4753-a14e-63f4e0ccc5df",1664.401863,-3032.671963
"1f2d204e-acea-4a5c-bead-333bfd08c330",1689.715824,-3115.267377
"52a0842a-6356-4e65-8503-694c2f91dd64",1728.348421,-3020.485531
"91073b02-9db7-4fdf-97df-67d386922268",1791.936185,-3090.429346
"efbece4d-ce85-46ca-91e3-783b68255ba0",1797.535801,-3049.224904
"4c581074-ab40-47f1-8ae8-b596611d54a1",1799.895607,-3145.803531
"adda3ac4-3b5d-4e3e-ae7b-dab995ac5298",1731.284174,-3171.010814
"fba2c41e-469a-4da9-91d6-9655bf8b7022",1626.340009,-2851.058429
"bda9f19a-c0fa-432a-bd16-50f0cfd687b4",1666.375842,-2964.839448
"16d1d5bf-53df-4a3c-8786-3346534253ba",1643.935253,-2917.878088
"2c6cbdef-3c2e-4f51-94c1-6611c36f6996",1751.867269,-2951.259664
"2cb580ae-92f7-4343-bc51-4e5befc65a7e",1674.193551,-2663.60732
"da413030-3356-4935-ab3c-1c6a809e1996",1697.591495,-2744.992057
"143f2031-e33b-48b3-aafd-cb7f9d3fe6c1",1709.849144,-2683.826277
"c9707075-7ef9-4bd4-8839-7aec1713e22e",1718.091542,-2762.804575
"1c1768a9-e4ce-4121-85f5-c7a247c18a42",1742.405187,-2756.142024
"393d7f39-6d82-4e53-9577-ff9c1dbab8ef",1794.435054,-2678.671282
"f4f43998-d250-4d21-aaeb-0f2683096939",1797.621051,-2771.996468
"e8458ed4-c543-45a1-8773-9b445d1fe878",1658.478228,-2733.08709
"0685c016-ef0a-41be-ba19-7161bbce6d60",1741.489952,-2722.66807
"7cb3e7f4-abf7-473d-9e53-2e3ec7d6e095",1765.995498,-2770.556967
"64955a3d-3c87-47f7-9d9b-ceaf4d40c2d8",1725.568493,-2696.810109
"300e7059-a245-48b4-b00e-fa70686aa761",1664.622856,-2505.035764
"cbe7c3ab-3f54-40b8-b587-72f161d199df",1700.155845,-2531.792277
"942c1815-ef3f-42a9-ac90-740d59fff4f9",1801.103004,-2461.819211
"4f002efc-65a9-4e16-a552-885d50710e4e",1621.705103,-2408.849027
"c02f957d-a0e4-4392-8ba6-8bca0cc8f704",1767.488549,-2589.773453
"3c32f5f1-d6b9-4557-9dc6-d4bbd70d6d45",1622.556188,-2335.183171
"1a866cf0-6472-4739-85e2-1f3b65636506",1626.352537,-2250.664595
"f60205a4-6fc9-409e-86b7-72b568163ed8",1807.905782,-2227.378551
"58d7ed17-cf44-4243-800e-398364604534",1708.72364,-2279.75349
"1b62c22a-19d4-45a4-bac4-559c6da23dd2",1888.509621,-2268.069828
"7bab89d1-9c94-4fc1-8113-1480ce063388",1886.019179,-2287.763867
"05a42823-d7de-451b-8b02-0c4d7736b2c1",1953.892492,-2236.770531
"7fefa7ba-83a1-46ba-92be-bdb835e2ccd6",1994.432661,-2324.289679
"e7286769-353a-419c-8e23-1fd4845a9cd3",1983.726983,-2291.947324
"ee689048-18d6-4a03-a692-db578f80b319",1854.509738,-2579.673414
"599836a5-ba89-4a98-8a26-74f6dd77b4d2",1978.917747,-2495.35509
"56910843-3506-48aa-a1a2-07fab3c19839",1989.598834,-2571.275443
"42bd84c9-8ebf-44d6-8a25-004b2db6bdc8",1995.849413,-2533.512276
"c8044887-121e-42e8-862d-0a88ef1f81b5",1908.634973,-2499.657916
"a51427af-68a5-40ef-aa35-8c960d8d806d",1839.999697,-2708.053753
"7a85999d-2888-491f-8420-d15945dd4d05",1864.258345,-2711.664418
"137cbba6-b92c-416f-9931-a9dcda20e37a",1879.972902,-2689.02383
"c2a92e70-8bc8-48a4-bb43-325470501e58",1881.03142,-2630.725011
"cfb4f656-b42b-4a82-8ca9-1f387b7eabe2",1914.037332,-2642.610399
"f314a454-99b3-48cb-b6dc-926189d2e0b4",1936.640278,-2777.22994
"599c4b71-8d54-4085-b25e-dfddd80bd3d1",1983.32732,-2635.936313
"756e2343-40ee-4fec-8855-97725b254023",1991.061054,-2772.483445
"a26334b0-f203-48f0-8c29-7198ad65b1ed",1998.466079,-2682.756078
"841965c1-8345-42ce-be48-c86418de04fd",2006.223977,-2631.958575
"e9bdd89c-9ecf-4f1c-a480-cee5ba62f1d1",1864.378353,-2649.373555
"d0f8dc84-a942-4e91-970f-dda4869b1085",1890.508216,-2736.504069
"61559dfa-4d2f-4af6-999d-952c57f012fa",1902.362884,-2693.40456
"200f9020-6d66-45f5-8e85-e4ee0c14e7bd",1847.010141,-2701.503096
"b2748fa7-6a92-4d08-bd52-fb01e984b244",1928.990356,-2782.906395
"be7d87a0-9267-4764-a7e3-c7746c15f568",1828.282847,-2809.452284
"0af6e1ed-8c57-437a-8746-f323aadb276f",1839.546232,-2963.842324
"dd8c2c89-7498-4b87-ab6c-ebf82aaa2e0f",1884.629478,-2840.984676
"e9b18c97-5741-4dec-a3bc-7bc79f49eae4",1892.45027,-2881.742483
"b399d0f2-7bc4-44e2-bc44-ace72e156c61",1941.502234,-2954.563295
"b2785241-ee4e-4e32-b4bd-ee7b8f85bd20",2006.33006,-2934.976992
"bd95c1b3-9dbd-4aa5-afe1-15a00193722c",1853.385593,-2936.995886
"8f43f2ea-3ab8-4a29-9fd4-b7d9f84f097f",1966.007061,-2956.198203
"d7360418-cc55-4809-a60a-157a5a066263",1848.970437,-2818.816253
"99e0c789-5042-4b13-9447-e8935f076b99",1877.322624,-2883.141429
"ae21d14f-f68b-4919-8f1a-702bda5283e9",1931.965855,-2872.162456
"46ebabd8-a8ed-4e3e-a2b3-1ed39e8a3b9b",1937.04149,-2938.511885
"52582c6d-29dd-49b1-b3bc-8dc635646236",1969.806303,-2842.895712
"812db3bd-f119-4069-ad86-4370d09a7377",1865.5581,-2983.408724
"b070d009-48a3-403a-9daf-2f4282d712ef",1863.661874,-2849.26761
"a0d2b37d-5cad-4d8d-b976-843eb4074a68",1835.722856,-3144.354342
"25704be3-6e34-4205-8985-89a1a2ef5828",1944.225628,-3146.458731
"9a785495-eaff-443a-a489-46068da22c19",1850.633747,-3159.471306
"cf998e4a-a1ff-4f69-8bd3-3ba9706c4a60",1972.854985,-3145.201817
"17e09024-d58f-4170-ae61-895ef83c6f29",1826.024613,-3165.644125
"9ece2173-d10b-4cf3-a2f2-fe8fab878747",1829.285713,-3371.162078
"6a852079-94c4-4db1-8796-e094d1c6ce06",1835.484873,-3239.900219
"41bdb4d3-504b-4c18-9563-c6ddbeb14ea7",1838.794046,-3320.540535
"d37cc9c7-92f7-443f-96e8-97d00db53f14",1882.226342,-3384.012787
"7f7e2fbd-a253-4bb9-89ce-d8bbf5d23d98",1901.049702,-3228.093169
"63766ade-f1f6-456a-abf4-57b8a8375bd6",1911.053464,-3339.647463
"caef46c7-6756-4b19-9981-2c0973ebe291",1945.168412,-3232.212128
"167fa860-c7a2-46a4-9614-30f76c31a45f",1945.104679,-3373.011034
"a3ae5c26-7c22-4838-902b-7dc786b668f3",1952.632948,-3380.720715
"4cd3f99f-dc5f-4b7d-82ad-a17254f13f8a",1985.761898,-3311.545606
"98495175-ed5b-4916-b5fe-273348e80c94",1963.560737,-3252.243527
"ac920bba-1824-44ed-b91d-366d97febb64",1965.796146,-3359.840304
"d4defce8-55fb-405b-a3e1-f69e27beac09",1977.756355,-3215.52714
"1b2657a4-2260-45bb-a27c-d174a4b1e26c",1829.772358,-3358.722514
"ee922d10-64ba-4bbc-a6d9-54bf9e21c9ac",1857.627082,-3382.647543
"e91d4cb2-7991-45f3-b31b-e7ffc8a217ea",1857.383183,-3340.925048
"3a2c897d-2a1b-474f-9f0a-3c320c283f98",1860.438167,-3294.826331
"bfc82464-4783-42b5-ba8d-4e6b34d5815a",1936.746075,-3337.054091
"8881ee2e-28c4-4521-9bd5-4333bc29ab20",1945.967155,-3266.401879
"96fc08cc-e9cd-4294-82ff-9e7af0048293",1841.337824,-3516.000346
"214a143d-8aaa-4922-a7e0-d28d572b680f",1856.233291,-3585.566814
"2bab574d-ecc3-4730-98d6-e2526f5da8fd",1858.899225,-3554.321654
"5cc35761-f55f-4fba-bc15-c3b8a63babcc",1876.362388,-3464.857545
"43752baf-4078-48e2-9b98-2e9b4ce146ef",1897.683155,-3505.903817
"45e1102d-e110-4bd5-a3e0-d9343ba7e570",1938.475372,-3508.013089
"3529437c-d862-4d14-a0e0-8e8539bba987",1945.80466,-3523.918748
"c27972c6-5793-45a4-b8c3-5183f1fe798b",2005.857099,-3414.789116
"69659afb-d7f8-4443-bf12-5f9e56b745e7",1933.790154,-3484.007486
"94d7a116-1d27-4cf6-b40f-a4b75efc6919",1971.365518,-3500.659942
"64511e86-1451-442e-bdc1-07e7564be97d",1914.608479,-3521.574626
"cc4ee821-605e-45e2-8ca3-c9d83cca92be",1975.902189,-3418.355167
"26a5da1b-c0d8-49d7-9a73-0a410207a14e",1833.296733,-3534.948943
"cb6f6673-2f28-441a-8258-9a0e07d81e06",1831.993641,-3737.860012
"bd558c5f-7b70-4bec-b404-7a530b80604c",1871.576709,-3662.328646
"b04ae177-f305-4ace-b0d0-f717b3392874",1887.015731,-3727.218027
"701cec29-55df-4ee2-aeb0-f681c2c1f1e3",1917.667907,-3744.694847
"707fc989-7f91-4a23-8212-349ee64cbd7b",1920.974033,-3690.138571
"d673ed1b-796e-458a-adf7-75b6c27682f7",1851.490345,-3763.724755
"a1badd6e-8d4c-4ff3-a734-48f8e47218d7",1956.664882,-3637.480841
"5cfbd758-4f88-4484-b933-acf4b2cea710",1910.437609,-3761.113121
"04abf3c0-5879-4de2-9906-923540aca31c",1898.231705,-3778.409004
"ac47cad9-32ed-413b-b0a0-a5e3bfa009ee",2032.286435,-3646.859669
"53cee275-f116-46a7-8346-7c78fed29435",2039.772046,-3702.043938
"432a09c5-5df1-4661-aa54-2aa7a21929e4",2070.239167,-3652.719611
"618e56d3-1894-4727-946e-4d21a566463e",2130.576247,-3732.410381
"0a575654-c198-4403-ac3b-c073caea2c26",2179.088904,-3678.671237
"c39cee7e-05f1-40c0-859f-fc1176a00fb7",2188.702976,-3666.607651
"8d3ab6f9-3ae4-45f1-97c2-66a42dfbfdfa",2026.823567,-3662.301157
"80bea170-6e31-4d84-8412-7441d0088503",2077.176578,-3717.027703
"83868863-650f-46c1-a5de-bdbe039d61a0",2086.853952,-3650.366411
"913761de-4e63-4c23-8a37-9b1fe9bf4f76",2136.139076,-3782.699813
"e51b9721-8d98-49b5-bc6c-e2b335af0bb1",2145.390841,-3772.169419
"0ebf2669-848c-41c4-b3dc-0c024ad68e60",2173.934999,-3790.297252
"fb614fcc-e8a9-4472-adfa-50e0c9cb47bf",2081.388715,-3522.941619
"e3edb88f-c86d-43d3-97f1-a9fedfc4145e",2129.083069,-3452.25889
"cf67bcde-689f-4228-8607-427f542c3c06",2131.422676,-3426.057188
"46595d37-ede1-44e2-86ad-0914fdc4c144",2137.791762,-3480.733105
"09c8a587-b156-47cc-bcde-22cf7737e453",2145.578604,-3522.784762
"57a7dec3-118f-4826-8995-8bcca637932c",2158.245293,-3557.79287
"02427067-da8a-4d14-9a14-7faf8fdc49ff",2153.82855,-3539.759653
"84ac43db-dd20-4fdf-afd4-adec5095101b",2055.8435,-3356.093782
"6f479a81-7167-4abb-9b1e-396c735733d7",2059.935518,-3289.815745
"0c4ab62d-1af6-4d1c-ba5d-c88da8767a04",2089.981266,-3357.974217
"09f57582-6cc3-43af-8ae4-4eb87a1b3326",2105.041212,-3324.143649
"ef6b7a35-6da8-43f8-8de9-e6fd6caacf95",2127.586244,-3302.145226
"8ac5fffa-c27a-4850-81c1-873be6347ec5",2141.302761,-3277.653881
"44eca7eb-87a6-4345-9066-ae9c4e727e9b",2188.514939,-3273.357809
"d650b68c-6c98-4db6-96ab-721b92546ecf",2160.169522,-3318.77745
"406844e8-f34d-49e8-acfc-6afac40197d6",2028.33721,-3029.065147
"79f293c6-dd76-470e-8023-30ce575db156",2041.313336,-3142.758767
"4d5a5502-7b2b-4e48-8c2e-3fa79cc34c2e",2048.44404,-3123.385569
"58220da3-96f4-483e-bd84-b5084fa45809",2051.492984,-3194.221485
"907e13de-26d3-4221-8c00-38070ecf8e73",2072.708042,-3032.221957
"9b212bbc-f8da-47ff-af89-ba9f091d85be",2081.39743,-3141.608143
"9ec7e123-78c2-465f-8c90-312147c150f1",2099.904237,-3035.654677
"c6a359d7-167a-400e-a77c-c942a9f40b1f",2102.839569,-3055.794374
"ce7ca688-a454-4f86-aeb4-8d587862d10d",2106.45423,-3082.960142
"4c3682b8-0254-432c-9fd1-e7ff48cd5b97",2159.241832,-3063.11537
"104c6a4e-1d07-46f3-b6d3-e6e56d311200",2210.088428,-3177.263091
"032cd0a9-d599-4484-9e04-6aef2b03c06c",2056.485052,-3033.778823
"0b83a7e0-85ab-423f-bc2d-8d9f6dd0ccf0",2039.122858,-3088.514461
"125434ab-029a-4e7b-b18e-0fd509eabb86",2067.012483,-2863.143393
"4109842e-8531-4d09-b2e9-da47064b272c",2094.769807,-2889.935842
"1ea35cf6-faf7-4e6f-86cc-d0d82dde3c8e",2106.738179,-2892.946503
"8dd1a409-7b7a-4fd3-8901-bd58eb77b02f",2116.780998,-2897.233062
"188202b1-d156-48d0-8362-81f72278dc0a",2126.801613,-2929.284976
"9a133cff-eb53-4e7a-9e9e-7fa8f8cc6cfe",2154.329763,-2849.963552
"408ccc21-6730-4aab-9f4c-a212939e66dd",2197.579754,-2843.054785
"a3e4eb68-ee0b-45ce-88d0-53420fcabf95",2204.7168,-2904.959849
"5ec1568b-a579-453c-b03d-7619f47b1443",2077.20823,-2957.221466
"7af7483c-ebf6-46c2-bb6f-a56912895012",2101.010863,-2956.924228
"e68a6e63-fb2e-4a43-b62f-14d883194304",2156.25485,-2975.44942
"ed8a53c9-24db-4bb8-8e88-d8360b1a8a59",2166.652593,-2929.505188
"4d46bc49-8a25-4343-ac5a-5655f32e8d09",2094.158729,-2817.16357
"bbe10789-2b2e-4e2b-a70a-00f1a51ac1f5",2171.688009,-2767.56511
"e1ca0a88-9935-4f1d-8a56-dc65cf097f6a",2171.978288,-2692.908595
"d2d15bd6-dddc-4738-84fa-38ac6b7c7718",2174.782225,-2649.833971
"9912534b-7db0-4f77-9307-fdbd25adffb4",2067.463246,-2659.35027
"ec1a6c20-bf22-4e96-8c60-9036546a5a2d",2111.903143,-2633.374831
"f0835b67-9f60-4ff7-8a5e-c467e5a01dca",2048.155605,-2762.03794
"a939b063-6c24-498a-aaae-45b576d09124",2022.001155,-2502.460363
"b9121cce-23be-4a5e-84ca-972b8e376783",2056.638053,-2498.418011
"f6e9e354-66ed-4f1b-880e-6b202528fbcd",2183.768104,-2576.874238
"7a425e0b-058e-4bf3-b0d9-19fac212d352",2163.25371,-2594.46548
"1c34ba60-31be-48d2-93c6-7add02ce1f1a",2074.068239,-2581.711777
"ed4eaeab-4583-4a9f-81af-debd73ebb930",2166.621094,-2560.697987
"640b7f5e-2079-48b3-991a-a197a44d0fb8",2023.043576,-2286.411017
"b476647c-9a02-4618-b9ae-f76c8fdffc34",2081.281724,-2359.261052
"c0f064cf-0fbb-4632-ab99-58ff9d9b9f64",2133.569466,-2357.657797
"853fc035-3ebc-4765-90d6-0e45685023cf",2164.655618,-2237.012367
"b7994da7-b885-46ed-afe3-442da68cdd84",2203.846539,-2290.652619
"5f67e254-6396-4da3-ad8b-2cbfb9c11433",2058.373598,-2259.634816
"fb19e896-9062-4b93-ba6e-d523a855006b",2113.389079,-2369.471491
"8977f954-2ccb-4d81-a0a1-1429646616d5",2084.807699,-2272.738604
"7d71f12b-fd07-48c0-8207-18a1931dc52a",2179.772345,-2382.829668
"cca084cb-6560-4053-9645-577a7de358b3",2254.810549,-2254.310451
"b16fff56-50d8-46af-b4e2-0055bf966f58",2266.592823,-2281.204895
"97d8d930-25e5-475c-8c35-13a8ce3f2928",2321.54072,-2380.410547
"1addcd10-499c-4f65-89aa-6ff1f3454292",2359.831901,-2230.756608
"306bca50-2799-4d62-8420-fe7fffbefab2",2312.545731,-2278.83228
"a9f55f76-dd8f-4c00-9740-df5827750c3d",2309.892728,-2233.861771
"f913fbd7-793a-4822-9003-de31223b5f53",2335.533149,-2361.114797
"1445d33f-e993-49f7-8cd2-7c36b3860e83",2275.193808,-2579.135276
"fb644677-f91a-4974-88f4-517a7cf7e35c",2290.824344,-2541.677173
"bc28f59a-7ce6-442c-a700-fac018282acd",2299.42287,-2531.406349
"540c1a4d-68e7-414a-8e8f-a82a54f1f379",2345.60288,-2546.342491
"24865910-de8b-4d15-8ab3-7fcef38bd7ec",2362.972816,-2432.624886
"57e30596-736d-4bb6-b30b-c861508e0fec",2372.895876,-2562.876186
"a5bf07ad-b431-4bd3-be3b-abfef80593e8",2399.61463,-2478.495256
"15254d60-3677-4a83-a0a7-f68a6cca92ec",2378.104649,-2460.48035
"2d3f628a-4a9b-4f09-bb9d-33a589a6731a",2381.771778,-2539.279045
"fab79686-4706-4a74-98aa-a296e0e5299b",2247.423915,-2758.632392
"618f707c-5481-4667-80be-33c03f8c724e",2259.476335,-2793.643375
"f2c6d27c-c32f-4aa5-ae7d-7dd3fd5f4eb9",2264.992358,-2707.381656
"115c6ccd-b4f7-4589-a90b-f662af161d05",2299.734747,-2734.902672
"23b8686a-7770-4976-8bf9-a9d6c2182470",2359.483844,-2728.870544
"e1becefe-57a8-4239-8d95-f9dd73ee23cc",2382.174418,-2782.163469
"25754fe2-6360-4dbc-8ab0-dd4f9061ddbb",2277.413561,-2738.859965
"276e160f-a6ed-4527-a99c-0f1a8dc57106",2240.596865,-2960.99121
"58093110-10c5-4ff0-b955-66660087931a",2251.024892,-2822.705615
"c4c75cf2-11b5-4ae4-a8b4-f0cbee565c25",2250.348882,-2874.096279
"9d4d9078-6c7d-42c6-8402-7c95f3f2b96a",2290.396702,-2858.756227
"5ec19ccf-8e29-4ed6-ac3f-0662069dd1e6",2311.6195,-2986.257386
"19623b42-169b-4a39-90e1-25ee2d8a9d35",2349.171772,-2878.969619
"1d98b078-f134-486b-a373-112ce67191c2",2372.06446,-2817.382571
"7a36fbb9-f025-499a-98eb-76ac32b3026e",2384.110515,-2930.115076
"2bff7102-8946-48b1-a517-5581e5dbc317",2387.21261,-2921.790751
"dbfe0c34-9a6a-448b-85bc-2e887561f491",2402.601286,-2978.567666
"3345e1c8-77c1-4b73-afb8-1f91ef689708",2327.941198,-2829.62732
"f1024525-0c57-4c55-9572-d771f8f450ed",2370.109332,-2979.709047
"90269694-5182-4ec8-a0ca-c886a9776eae",2261.331199,-3016.102584
"3a577dc0-0b37-4597-816e-e6176d3192d6",2280.334056,-3183.334896
"d5ed1ab4-d1f4-470e-8ce2-47dee1d5bf17",2285.654529,-3146.368179
"11139279-e71d-4637-b868-bc5bf5553f35",2288.090116,-3137.136725
"6e488f48-c1bc-4d18-b52f-8b331efbdac4",2314.308156,-3150.051647
"1cebdb3c-a461-459d-a0bb-f89ec11531fb",2321.645385,-3073.864216
"9067a389-524f-4910-99ee-0a838554f58a",2332.415631,-3031.482985
"41cb1214-a857-4f91-a680-b7c5e31a23cf",2372.453121,-3086.278222
"d6ec52cb-4a91-4061-860e-793960a4a321",2401.837908,-3164.444115
"e5b32faa-c4ca-4566-8496-207fb8731f2e",2402.992119,-3025.956641
"b708bdc1-dfc7-462e-903b-e8615c639c09",2264.910524,-3161.278479
"5d22ca09-77a0-4f19-b267-7698a95e8b89",2289.846979,-3029.12495
"434f81b8-07f5-45ed-a870-3ed42e38f9fe",2320.12518,-3122.180543
"f10c6ae3-d24d-4141-bad8-632b88d8eb46",2341.932958,-3173.249654
"915a3aed-a53c-4683-934d-237fb77adf8a",2356.174871,-3060.841193
"a101de39-a8be-405b-b7aa-775b66330762",2264.972175,-3140.524678
"cf66a7ea-39f7-4534-8d2e-d51147083c17",2283.023513,-3161.034338
"80fac40a-69d1-4409-aee4-9918659944bd",2254.627701,-3242.710538
"54ce0c93-4726-4d84-b1b0-37160e18981f",2268.901146,-3297.186637
"0efedc51-7cc1-4988-ae6e-8e70a8ca1838",2270.425788,-3232.83136
"e989adf8-66ea-4942-aaed-7b3b1c51abd1",2284.238678,-3217.468192
"b6100473-2697-44da-9961-f9e51d5dc9d1",2287.841748,-3343.829699
"60901984-162c-4d52-9891-3d5f2d14d9bc",2295.532828,-3300.909026
"9df205eb-3286-47e2-b762-5c423e70c30e",2242.744011,-3345.874626
"828c57e2-23fd-46df-bf20-4e161e3dce95",2263.455752,-3276.293917
"aa8aeb57-a57c-4e07-b075-77cb888705a2",2346.095824,-3317.027073
"4b42a561-fed6-42aa-b922-decda7145f2c",2389.779801,-3312.210204
"dae72d08-16be-4c90-a7ce-51fa3f9d7e5b",2225.566579,-3582.388623
"358f06ed-df67-43c7-8c27-2529ba555785",2262.388242,-3575.547646
"b3056fad-cdf3-4f52-a3c5-65a03af74031",2275.811202,-3562.779151
"ed3a1002-65b4-4c8e-ae70-540e982f7ac2",2294.732904,-3527.747432
"a0692d61-b0d5-4e0e-8968-4e59a728281b",2305.516854,-3572.191272
"b81edd29-f667-4409-bd90-47a8808f4c66",2323.263874,-3538.236967
"071862ba-dd79-4c42-a5fa-96b378d1bd84",2370.833963,-3501.200632
"64b9abab-2b0f-42ae-befe-38cd8d54d5ce",2385.760671,-3505.133061
"cfd257f8-f978-44d1-93eb-8fb8598c4ad7",2266.892836,-3412.937637
"301f4de2-a9d9-4a1e-ac50-f3cf8d06d0fa",2283.381939,-3548.316585
"3f927914-f4d3-45cd-9891-5b4835bb4074",2390.748093,-3458.351543
"666ab981-9238-4bc2-8989-b332d1b0d508",2329.800911,-3437.969265
"2e6ef9e0-b59c-48d1-ad1b-15a36a1058bb",2357.095416,-3456.033464
"bd8f8e25-da25-4b5e-bee9-2379dc50da53",2396.481054,-3445.216969
"76bcdb24-2be6-4bfb-82be-13194c48dbb3",2330.821315,-3630.606947
"7fbc4ced-e8fc-4789-a281-3cb9adc2d578",2356.263473,-3621.697252
"39b0e6a8-2583-4668-a57b-c61295c429b1",2246.313603,-3640.900103
"c7b86462-cfe3-4beb-a578-d1940910d0b9",2284.086986,-3669.510501
"9de9c250-1e30-48ef-a0db-1ee0e6265eac",2299.28696,-3713.115115
"88012c56-4c6f-4fc8-95e3-0a7a745e6315",2237.829768,-3746.545847
"ff278c2f-5470-4688-af59-02f3e9acf733",2381.205485,-3624.094893
"3439f790-d5ee-4997-954d-56de8afd4542",2318.542335,-3889.263156
"71ed52fb-6ee2-47f8-9512-66f5fc274c9c",2356.546543,-3901.140314
"e2e23737-a312-4958-ab9d-981fad6006ae",2360.928852,-3874.941566
"eced0d34-4354-4044-b75f-5580887e8c14",2314.049037,-3879.017301
"6dd42c06-dce9-42c5-aeec-b6dd892256a0",2457.590079,-3879.847625
"9c87d53e-f2e2-48e5-97d7-7b7f6c117fa9",2520.952829,-3834.310223
"252e00e6-a79e-4373-ae0c-6e161301c679",2550.345635,-3857.390921
"256d63b1-a5ac-4253-bc76-12e3d378ebc0",2473.107138,-3829.893954
"eeb9af74-d46b-46d3-81f5-893bb694ea00",2520.865883,-3919.38569
"02638634-0cfd-4d47-9482-46e124420702",2574.512444,-3907.524599
"2a06dea4-ad64-463b-b69d-bf7899d836f3",2480.937257,-3834.288624
"a4b66558-6e2b-43ef-803b-e8a7f532a705",2458.314334,-3660.899804
"b6aae2bd-af89-4c40-a35a-495bcc2d6ea5",2494.288602,-3749.047561
"3a54f461-0460-481b-9a52-65d98fea8a06",2505.403702,-3666.6824
"18344a82-2365-4e95-9035-8832abe29a5f",2548.424237,-3753.616847
"4b5137d6-d565-407b-9a9b-65848dae46fe",2556.700993,-3708.515855
"7a0aa095-8a8c-4976-8a6d-ee4b3e399343",2577.724929,-3730.503277
"8004f9d1-4452-4ece-b967-1a9160351d87",2603.971501,-3695.532873
"8db80997-6070-445c-996a-9ddc07b9c1fc",2428.16225,-3699.330124
"35bc1348-5031-4624-844f-426a0b3b62eb",2434.281041,-3721.724155
"48be9374-4773-45ca-8059-d0e6a2364912",2589.61136,-3611.209959
"3fae8e9c-b007-4bf0-a371-2e94f9ee99dc",2427.317966,-3494.377064
"88284b05-f7f7-4942-866b-2a9b1df52b8a",2441.845496,-3488.181811
"515b85dd-4313-4a42-b0d4-eb37447133ff",2451.398597,-3563.677193
"d66c62eb-3597-4701-a597-944f09f94cf1",2460.976493,-3467.933929
"469e7bac-e5dc-4b0d-89c3-dbda6562c467",2477.332633,-3408.442261
"2dded9a0-4d7e-4466-8b6f-61ecb10213e9",2536.563178,-3542.997882
"1ad3272c-d2ff-4c29-be28-98c1a011e2c7",2546.497149,-3458.558555
"ddef5205-f917-453c-8a9d-5cd543513d12",2497.186906,-3463.904406
"f9c5c9c3-3667-447a-a954-4a81df3282a1",2540.60566,-3444.484051
"1c9af9f8-bd13-43c6-9e20-230879f4af96",2553.766611,-3544.515393
"09133f01-902d-4411-9052-4d3401255d70",2433.587032,-3340.664314
"43af864a-6d2b-48d1-9b7e-96199bf502f7",2551.255356,-3260.102253
"a5a4ba63-e4c0-4256-b664-f08ee8c600cc",2596.622528,-3310.191649
"fe6b9f2f-d0bd-4536-b7fd-5304a3161fd0",2457.16871,-3255.279003
"fac22954-e509-461f-8bbc-c06f6c877143",2512.58681,-3221.803036
"7207ae25-ee9d-4bc9-aa8f-8db71a0ea926",2516.193455,-3285.475293
"d07d1f1b-3b6b-45a7-adf2-6a178f0ac4a0",2596.138679,-3385.217882
"34b5a54a-b289-44f2-ba10-2f766736d084",2489.258698,-3169.692012
"e75782f3-9de4-4e85-bd13-532e593e56cf",2514.056122,-3159.283559
"3fd8abfc-6395-4d44-a801-5eeb103a4641",2534.573965,-3110.498611
"10cd778f-9fc9-4a53-a0df-0205d2f29111",2556.339624,-3082.413121
"370d603f-3cbd-4f11-9894-e940f2480e99",2497.467476,-3084.937683
"ef177ed3-8993-43f5-8e9b-6ac120a0200e",2525.960559,-3040.444377
"9b19c211-c651-497e-a68b-b64c289094a9",2448.342744,-2964.752151
"9eefaf8e-aa6d-4720-804e-3d6898c2d1b7",2486.917516,-2810.753198
"3a4fec12-a049-475f-a4e3-b1b23811d2c8",2494.056998,-2950.020762
"e553c266-c12e-4c02-b364-bb9da4d687e3",2480.641638,-2870.144905
"cc26a738-ec47-443c-a30d-e06a88f8000f",2554.567252,-2938.769812
"aeb36f9d-f586-4496-8da8-366e52d4f3c6",2451.31493,-2703.447051
"9ae99061-0b9f-4327-bfb7-ffe920023195",2452.335731,-2728.590278
"1007983f-b881-422c-b702-25d00fefd067",2452.405998,-2636.673833
"5b8100da-098a-4caf-b646-2424500237cb",2526.481597,-2705.389538
"b7c4a056-fc24-48ad-a7aa-ecf317285c87",2544.123596,-2715.862635
"28598855-3cc4-4b99-8080-9af014a8d756",2541.012767,-2694.27225
"8e37076a-b4c0-40f6-90d3-bc442fe3fb52",2547.683253,-2777.594526
"805c99bd-a21d-4db0-a32c-26b410d28f4f",2574.99265,-2780.888839
"9afc2581-a7a6-4432-949a-cd38a264b743",2584.07634,-2786.786951
"9241816c-ea7a-4a17-acc0-2a22215bd6fb",2602.135605,-2610.925009
"1140fc1e-45be-4976-abcb-55556cb6bf10",2448.748149,-2650.451302
"53514c63-8d02-44fc-98a6-5c6e00ee1a5e",2449.751911,-2714.883899
"998047d9-24ab-4a85-b123-e5ac0d5e5add",2554.649276,-2704.563599
"b23d2d63-aef3-41a4-abc8-073cd3968f66",2451.904729,-2482.026062
"dc0f909a-5bbe-4fa7-9a96-d9243c36c752",2478.423138,-2536.098261
"fa02f3a4-8470-4fc4-919e-f916c0b888ff",2540.906093,-2517.91185
"c1aa262c-18ba-455f-a411-dd8b320e98ac",2542.74011,-2577.553416
"1e2d1cb7-400e-4ccc-90f5-b9fdc70b8453",2555.918764,-2499.328594
"13ced7ef-3b8b-42e2-800c-0e44539ece7d",2585.593346,-2419.196793
"aabb4c96-2c52-46e8-9447-359359c294ce",2549.839517,-2519.240684
"90657f0d-5e1f-4438-9a45-820d45c99e2f",2605.885739,-2472.430477
"b3493ae6-c1f2-45a0-b320-a66b7ed96bf7",2476.360938,-2347.835035
"79e618a8-9216-48dd-a90b-2053ce89fb85",2521.815995,-2215.598701
"4baf314b-b347-4ebd-b54b-4593a598133b",2548.831675,-2226.611806
"1e158abd-8ce8-40e8-8cfa-702479ec5644",2537.97755,-2321.978334
"111cee69-0a86-4771-8462-c05d1074fcdf",2555.063521,-2348.528569
"84fda93d-b08b-4779-8804-45c16f090a3a",2576.572373,-2385.109515
"3b575baa-9556-4740-ba3e-5b136428a396",2657.660634,-2249.318292
"1e57c7ed-82ac-4c8a-aa94-8e118ba15699",2686.290602,-2242.124818
"0e03a3b5-f943-4769-8f8f-122467cff317",2714.861687,-2213.236606
"419ad629-9974-43df-928c-cbf927bf7db2",2716.810225,-2378.348103
"d387ff57-d848-4dfc-9dba-56c236cc642e",2762.405908,-2275.276831
"a046ab45-744b-4e4a-b59a-4dac8ac1ba51",2664.945886,-2304.95309
"79f79d8b-634f-4b80-bc63-2dc121fd42da",2682.824194,-2248.071673
"c1f7ff50-8aaf-436d-b047-1275648e45e6",2648.98749,-2302.382894
"6e016931-ed22-4df6-b32b-60610eabe9a4",2660.527365,-2346.299971
"5701f430-5f08-4543-acf1-b77eb4979bf5",2705.735899,-2251.284484
"7f48844f-15f1-4f20-98c7-8c1a406cd662",2667.652162,-2475.237708
"4e4ccc62-401d-47e3-91c7-347e3a70486e",2681.501481,-2520.319531
"6e2892b2-c0df-4c7d-b495-4f473e31baba",2682.183634,-2422.984794
"ffce76e8-3659-4945-890d-56b8a67b6712",2697.812273,-2459.748541
"6f090ac1-4fd1-491c-a199-a38bde477a84",2717.391128,-2536.744154
"a89c41ad-3368-435a-97cb-ab93eb961712",2740.013008,-2458.63986
"dee2bf5e-f738-43c3-b54e-95613c2e3507",2761.344862,-2454.352868
"b5ee39ce-0510-4905-85bf-89ab7082902a",2754.39159,-2548.386923
"40ddf65e-2b9c-4c0f-939f-550c4b01065e",2788.258023,-2518.675634
"36f8d529-2453-4a4d-a271-a62bcd6a78f8",2807.535054,-2415.938589
"dbb12543-a3b2-4601-bbc1-f992254bc6d5",2665.117912,-2780.037785
"98a049db-d8b8-4a57-8f3c-c4fe3c2d8088",2721.355037,-2760.701808
"16da8a82-b9ea-405c-ab6b-e8be7051162f",2708.395353,-2627.47247
"49790fd3-7433-4c34-82aa-09ad65fe9299",2734.945385,-2720.462966
"23aea0ab-61d5-42de-83db-586958dda434",2734.034276,-2710.255602
"f29aa23e-6c5a-42f8-9fb7-85f1c81bf820",2754.685332,-2695.508384
"5310f248-0353-4022-a0d2-ff2c20e98367",2787.816466,-2681.68807
"4059704f-1bb3-4830-be14-b094c9b2feff",2803.464848,-2715.353189
"448f85ce-00fc-4384-a6d0-00ee2b634395",2634.618248,-2854.468187
"e7693399-8195-488b-adbe-e87dc8485149",2640.034926,-2935.06459
"7a54e125-1fd7-4104-8704-e32a5212b67a",2645.032536,-2877.141142
"9e9edf8d-2651-4e4c-a6eb-7afebe162ded",2689.469621,-2840.965169
"7d40fdb9-63e5-448a-abec-731c97444e82",2728.194441,-2877.119356
"7bc8089e-1f51-4738-82e8-bd4a48c97730",2731.848209,-2964.003727
"059ca275-4466-4e72-9c77-6a2056e18677",2742.705384,-2961.742511
"87f5134e-894c-4045-b93e-3bd6dcdaa6f5",2738.876052,-2915.52058
"3ad4e908-d3ab-44b1-b7d8-643f5ac81786",2744.880023,-2893.833935
"ec0b9f8b-b1f3-4b13-a82e-33a5e604b6e6",2686.993903,-2943.097148
"8e1354fd-62a0-41ad-8c9f-3b881414f702",2630.84871,-3081.48823
"cdec8554-6e22-4a96-9012-2bad737909c3",2663.639995,-3085.092349
"564a4eae-5793-4ffb-8ccc-3db04054c925",2685.538559,-3060.909552
"f8864ace-8fa2-4d06-ba03-54e8b9c0788f",2694.704159,-3176.209562
"79c84b27-c1bd-4897-9e4c-152bf66b491e",2705.573152,-3066.843204
"20fa4719-50a3-4012-9536-bbaf49d6b4ad",2709.609578,-3100.256215
"bc0ebad8-8fbf-4d0b-99bf-fb77dcc8d2a9",2711.130378,-3190.379739
"49903dea-9064-40a4-894f-db3a7346bcba",2723.105057,-3113.627874
"f84d70ae-ef96-4b2c-a9e6-7d7f0df4f6dd",2735.367502,-3046.005844
"1864c429-706b-4de2-83ac-69177de12713",2751.107915,-3047.815666
"6d5a8fac-d47a-47b0-b6ed-385a5300ba19",2648.141789,-3161.233571
"52a08fe8-5603-4881-84b1-44c7f8b4cd4e",2774.905027,-3081.225367
"04b20869-aff5-49ea-82cb-645309f2acff",2673.523211,-3107.414522
"8cc107f7-2a87-44ff-bae6-f1cf4fde5b85",2625.983611,-3323.107781
"dc3a34c4-0d3c-4c8b-ad21-1e8f7ccf88d2",2626.007675,-3233.981419
"1aeb7bfc-35fe-4b41-9120-8a86c882a705",2638.403646,-3259.714985
"176e3b34-3925-4b3a-b122-152294f47d5e",2661.521978,-3388.288448
"7746c1f1-cd6c-42fb-b15a-db6c4f11e3b8",2663.975314,-3279.666747
"1e57202b-7b71-483c-a5c9-8a392506465f",2716.472817,-3270.639546
"62478e9a-d5a2-4508-84f6-6f4388a78455",2724.405833,-3377.436423
"f713504e-dbaa-4608-af70-7c105433ae5e",2732.475241,-3353.701064
"fad0159e-db66-4b5f-91bf-dd8d6f2fc725",2740.459133,-3317.399305
"e36f675f-7451-4610-a1af-7d8acb2a0f57",2658.558841,-3247.19105
"6772be05-c29f-4346-8027-31c173b6c7ed",2659.232723,-3299.546105
"bc3ba286-8212-4e15-997d-ae068b9bc3d4",2699.896909,-3231.293148
"d08a9f4d-9add-4524-a69e-183fdc750574",2790.747059,-3222.837427
"8d40a4b8-9d54-4434-9466-50ba33ef311e",2650.275806,-3322.464161
"80976be6-3c56-4562-bcc6-1ce7f1592b1a",2643.916788,-3462.122839
"6de0fe62-a5b4-418f-b187-b053db845b77",2742.738659,-3470.275551
"44f87fe1-99fd-4735-b564-bfe537126e38",2760.082449,-3432.602633
"785f7860-f164-4a8b-a068-29f7904942ba",2791.328419,-3536.993109
"862eeabb-14de-4a22-94a8-3e5bc0b52865",2729.038245,-3678.419561
"e5f5a817-314a-4ac2-ac89-d99949428b0c",2745.169769,-3725.547516
"bc10ad4a-fe37-4861-b3fb-ed0a5841d2ef",2644.359855,-3696.358578
"4c75452d-ea55-4f5a-9f33-0ac40cf9ac82",2674.670704,-3691.032553
"8abd36c2-a898-4ef1-b8c4-9e8e56f476de",2740.818327,-3639.912583
"970f02cc-3db3-4051-99cc-1fd29b9fa90d",2798.598943,-3908.334869
"b5c20e7f-2d56-46a6-a60c-399ace4917da",2756.616892,-3975.28909
"7c134f72-88c2-40df-8de8-f018bf1853ab",2794.289276,-3857.782848
"7cdb518a-7f43-46b6-a642-2f5eff88f95c",2844.964496,-3942.19555
"975632ac-3033-430c-b57a-773ccbed83b0",2868.617366,-3877.962485
"679b09bc-6948-4cb7-a737-a77bbc8f68c2",2946.535645,-3934.4112
"35e9cc95-9149-4e91-997f-a6aa47754245",2867.46592,-3961.811032
"61d2496f-8717-4547-8237-b15d005a68a6",2890.667181,-3967.461616
"87d72968-b612-4376-9054-0c6d33041b29",2915.989414,-3932.454265
"e05515f0-6dbe-4cc4-92b8-f28c59ffadfa",2977.52571,-3825.290108
"1d6fd5b9-d7f0-43c7-acd3-2b530a2e3b2d",2903.420191,-3608.596015
"711aab5c-d493-4446-913e-ac0ec03620c6",2929.317082,-3704.280524
"5c2eedd4-7dda-430e-9c77-4e4a5f8a1972",2953.601536,-3675.903682
"5dfcbb06-2dc5-42c3-8561-86b2791862a5",2974.518915,-3690.717354
"d1641eda-6466-4865-8626-8e7d55096c66",3000.852092,-3687.309376
"e4a6843b-5ef7-4d74-b719-0ec4253f5250",2985.417006,-3675.091362
"9fb663f1-ba5e-4fb0-a5ce-2911dc4d4a67",2873.190765,-3774.028936
"0477d26c-43ca-4e05-bb38-55cb90a49596",2881.539459,-3768.911854
"0430c43e-cb2e-42f0-bf70-550741346f68",2873.28384,-3453.243974
"68474231-4206-4cde-9b00-38e702bfc771",2884.715162,-3497.203281
"a176cb28-6c98-49ef-b73c-72058f798bc6",2889.879716,-3451.072124
"3d40e081-c5d9-4379-ae8f-61065445df11",2986.324363,-3416.990667
"a4f88077-f48f-4baa-90e6-4d921852283e",2923.580045,-3556.391154
"045f5cd4-8401-4afd-b235-8743f36ba171",2970.858771,-3441.659236
"5c9a4cdd-ddb6-4f47-b293-d323e83a23d3",2895.95979,-3490.628803
"2cb3e4f4-a0f4-41d3-b5a2-9ac5bade4105",2876.984186,-3489.922308
"97c25f4d-d61a-4c1b-93d7-2fae53d8f338",3000.064661,-3450.288705
"336e5be0-2524-4c0e-a1d1-318018a94986",2873.600974,-3551.628439
"1b3ecff4-2da4-4de3-b4d7-ae8b19b17bc2",2832.702407,-3371.48797
"5feb7305-c9a0-491d-b534-f9794259633f",2835.953887,-3267.276334
"0962821f-6608-4b89-ae22-9cf27d18af5f",2859.076704,-3366.643907
"1e100b9b-9308-4fc1-b169-658faf84f547",2867.52263,-3273.373406
"2f9be765-520b-4e65-a0f1-5d23c818be7c",2913.347362,-3389.133934
"121540e0-9c2d-4a67-b001-2bfc90a7a1d0",2925.999425,-3344.453024
"86553579-17d3-4405-ba2e-5dbc784e368b",2934.290443,-3320.141258
"ee962962-980a-48a1-be3c-2f5beea9ad41",2941.44643,-3292.823905
"894805ca-2c47-4eba-92ba-5456733c3025",2982.828409,-3294.744056
"6ddeefef-fd17-4711-b4d8-77b16b3cbed7",2966.462407,-3280.873293
"7e940d9b-f42a-4d25-bb53-4650ef3f6718",2936.243742,-3364.934458
"b1fbfbbc-92c6-45b5-8320-fd395a50c66a",2961.134912,-3043.728259
"f696b7a0-c63a-4053-97b9-b2985f5f7021",2970.792483,-3189.416262
"9a5d468f-1c84-49af-a0aa-02d527488d5f",2974.961541,-3014.10001
"c2cf232a-5818-40d1-901c-9a81ce698e5a",2915.829864,-3020.071525
"8d3a3e82-bd86-401d-ba72-159d59bb5fb7",2840.172839,-3146.699824
"cdfd282c-d0ab-4126-a394-43bfe4828e8e",2846.502545,-3133.346662
"b49f0060-1a28-4839-adff-1f0069e3bd51",2908.264415,-3166.369753
"5d9eb98b-0a6f-4d4a-9d63-704ad422175a",2831.445077,-2832.429856
"f401422d-d6cd-44d2-a927-1380e79aafa9",2846.273056,-2984.016932
"d106f54d-f4d0-40b8-bc7d-13dfe349fc4e",2874.643363,-2905.643182
"bd06e234-c66c-43ff-88a3-41b0fefe1ef1",2983.182981,-2990.682367
"eabf9451-e626-4bcd-860c-5d60217cb42a",2839.115029,-2923.885037
"83fa7e3e-86a5-4262-91dd-305a93d94d83",2909.132024,-2850.332942
"f8e85882-e1c3-4d67-a90f-73b1592a9cc9",2959.397402,-2861.036853
"15d891a3-1898-458c-beaf-049cb9872174",2847.865743,-2715.458595
"6491f600-38d5-4fbb-8b7a-75493b52f470",2867.278606,-2710.669502
"51c722fb-d9b6-4c3f-be96-c3cc33649378",2886.623187,-2790.904134
"a0275ca6-5044-4970-99bb-c7e7b5ed8bd6",2952.198366,-2725.157013
"776ecb2d-d586-4fba-9dc4-85b8f18388b2",2954.333665,-2699.3566
"d92d2996-1c5c-4fc6-97b3-6274e1157ba4",2965.279221,-2617.828887
"e1cda53a-a9d9-4be6-ac8a-26222d636c44",2968.137641,-2607.46437
"a398023b-d405-4856-8a9d-55e1f9a6c309",2857.479632,-2620.135915
"afe8ae79-45a8-4d8d-84c6-ece91bb96d3e",2920.667709,-2703.851308
"8ace2067-09d7-4eba-a1e0-f1dd8baf732a",2927.23226,-2655.797575
"f61d8db9-5e07-4472-96d4-903a046ce166",2939.569513,-2717.216257
"ba1fa7ca-e50e-4bb9-add5-4fc3751447f4",3002.994674,-2737.448102
"1218d62b-3597-4191-bbdb-5bd632d7fdf6",2834.51899,-2503.718661
"254fba33-1c16-4b66-9eff-530db790b3ca",2882.805214,-2415.201534
"db856654-3fce-4eb2-b052-46bda344f88c",2902.347579,-2586.799224
"f1299b4d-8792-4899-a652-11bf8ea8fc4e",2933.664168,-2566.401885
"132f3ea3-8d39-4c9f-b15f-f1ca3b3ec903",2981.976348,-2575.182456
"676dfe74-8595-4310-9058-5d38a51eb793",2864.128263,-2444.559782
"85bac91c-f32c-4e80-855d-e4ce8079494c",2879.141539,-2483.573963
"58a94d8f-6ec1-418a-b6c9-b9a8753a1f64",2939.052257,-2472.666671
"8811b34e-4ba2-4f17-8e58-8da8332ebb3a",2908.91241,-2556.795093
"59bc5356-62d5-4408-80c9-c939c2813adb",2956.562777,-2435.046565
"f3831a3c-dcc3-4652-81ea-7d7e686b593f",2860.93654,-2558.965538
"f0d6c967-ce14-4795-8916-2fb2155c9878",2969.434602,-2500.672902
"8ba0f6b4-1a54-4c7c-97fd-1f2721540a0b",2840.582027,-2373.625717
"01eb97e0-2824-4b45-9eb8-5c334a3f2fae",2846.708597,-2305.189898
"51e878e3-0762-4854-91fc-18d8ce79d391",2855.064715,-2281.408119
"2b1cea57-739c-4db1-bd27-b32cc84ac53d",2855.657411,-2257.901429
"56068ff6-7f23-40d0-82f0-92634d1815a4",2868.548894,-2231.804523
"8d5c4266-2691-4e5a-a803-7c413abaae94",2922.923715,-2304.447427
"eadd402a-a60c-4993-bb51-2a9d05cb793d",2970.00914,-2222.293755
"0b638f4c-a6a2-4b7b-8d96-05d2fdf2eb97",2829.747283,-2233.368654
"6c406138-4663-4566-8e81-38090d1652bc",2924.952187,-2220.075856
"84437ce5-aadc-4be7-a3ac-5a71d0534d87",2965.655241,-2304.067351
"907e9409-ee3b-4c87-bca9-9174adb2121d",2960.173535,-2261.973557
"1aaad96d-4de8-4ef6-a070-31c1b9240d1f",2879.773991,-2331.322088
"56326057-0ae0-4155-869f-a3de80c1a7d9",2932.864927,-2228.450467
"368f09b1-e629-4d50-b1c6-57f0ea4d7eff",1238.548747,-3806.055621
"4c9edfcb-656d-44a3-90de-6dda116b0f06",1263.392496,-3592.306903
"1e11833a-2ca6-4a26-9fa4-a06a45d2871e",1410.279473,-3557.840601
"654f9d0b-ca12-4214-8147-048e1c8a77e3",1414.324375,-3481.093299
"2712f0a0-3658-478d-9ab1-951edbf5a5e6",1412.829936,-3494.425688
"199a925e-77dd-4b7e-9194-f8eb124c6e5d",1413.65435,-3459.750453
"e36dc6c0-ba04-4797-8e01-66fd7ebd04b4",1245.839518,-3205.307088
"86a6082b-1b45-464a-9941-29a0fe116203",1265.526537,-3207.738133
"9646e51c-b09c-4d34-88a1-9ae4c56dab5b",1412.751685,-3166.380581
"d58882e4-c05e-496d-9680-caca3626fcff",1413.744077,-2832.088932
"b4e0b824-cd61-4086-8977-ece8b5bfa00a",1240.756835,-2594.346594
"b7fc376e-3c88-4a04-baa0-c52511731f20",1531.487881,-2601.898934
"92e8bfdf-2dfb-4917-a9fc-367cff2b7241",1459.467267,-2792.874705
"0b61d21e-e4a3-44de-badc-906b668bc208",1600.182264,-2799.24277
"d0296650-3397-4bd6-8f24-3488d85e0266",1555.738652,-3200.536662
"41d3cbee-0750-444d-91c0-78c07f5f4c91",1623.515453,-3105.72592
"8603e8f1-67dd-435e-b3d5-8669d6d0dcfc",1729.778648,-3002.205028
"4b6d7d5b-fd5b-472a-a16c-d7bb0205dc35",1650.463198,-2602.791097
"14def8f5-76d1-4c2f-8a19-2a84eec0d95a",1690.218458,-2595.451241
"1d0bb2fb-3948-4e99-b2b0-e88aed601466",1809.365435,-2438.85445
"2fde6c4e-c0ac-4943-915b-e9a56406e2b2",1997.923727,-2395.159389
"546b073e-d505-443b-930a-8798ef603aac",1827.489458,-3189.000871
"8cf4c241-7c11-433d-964f-bc99f6a29061",1994.086378,-3396.008662
"7dbec2ab-fd03-491b-b33b-8a858dc9f0c2",1914.516097,-3402.09475
"162276f6-624b-418a-b623-cd1bc1d9ab29",2002.970528,-3593.200674
"5612f82b-399f-432b-8215-c32f94ddea47",2015.23847,-3532.521796
"6761e418-9aa9-4f0e-aad8-3d21691f60c8",2212.500308,-3624.772289
"55c0f8b9-d113-4fe3-a85c-9a2ee7b8714c",2211.308945,-3509.78799
"133f5bcf-23fa-49a6-9647-fb370b8def79",2217.62798,-3054.644976
"52fee033-fea8-44bd-8f9f-3ed7f00a3c02",2100.061806,-2989.446847
"628ac80a-618b-4764-9642-5f8403c8a386",2210.812489,-2657.353541
"c5f89dd6-6ae7-4a46-8b8d-75ab79dd43bd",2205.833597,-2594.077649
"0583b3b2-bc27-48da-9040-4743219e0f7e",2414.930527,-2793.48459
"865e3def-4b39-4d07-9bfc-1cd7373360d3",2408.992458,-2776.55284
"0d7af84f-02e7-4674-b8ba-6ee5b6c9eb6e",2226.586745,-3394.632373
"981236ed-9e84-4c2d-a5b9-3230f3a17572",2407.070017,-3333.118668
"f5773103-fec2-4cba-b9e2-f9090d564789",2413.224574,-3505.549628
"da9a8758-a79f-4a50-b345-dcc6f955eaef",2372.553376,-3602.911232
"abd7050c-eaa8-44b4-8fc0-c40105ac8eb9",2612.069979,-3368.537529
"10c6c0c8-9854-4bfd-84e0-f63364e3ce2d",2606.75605,-3109.987008
"459e337f-0193-4396-be89-f9a6f499db60",2609.033242,-3003.926064
"24137d2a-39df-47da-9fd8-c227b7c4bf84",2606.569163,-2974.025434
"8432cd65-3006-412f-88da-83244d0ca13c",2447.921625,-2990.563415
"f0bc8994-91ca-46d7-8d42-9fa9742f6379",2617.71126,-2420.465349
"d99e0380-d9d4-43b8-8068-01a76867ec6c",2652.373615,-3200.574292
"0abd5df8-4225-4191-991b-543529538a35",2811.88315,-3837.889717
"1d5790b3-0a2b-44ce-a1b2-aa6c6cc0fc3c",2885.699974,-3797.587637
"3fc47c53-07b8-4458-8bc0-b91e4be7df0d",2860.050796,-3208.046757
"6f20344d-f8cd-4e78-bf81-a554e8562a8a",2901.998244,-2601.53263
"1728801b-5303-4cff-ad7b-62582ca68c04",2859.778641,-2403.121646
