"","x"
"f4e9c023-f3db-4f6d-9212-72b4dc77a3e3",165
"b918064b-14e5-4c76-a868-7e2b552f098e",566
"f5a6205b-717e-4aa6-9b4a-2bb7de0e76e7",226
"9ebf1a3c-46d1-4ac1-a519-f438234e2183",157
"e381f712-3bac-4626-9b1d-da94a3bc768f",151
"ed0231aa-9e40-48d3-87c3-9211a6099631",265
"1e14f6e5-f608-404f-9b62-f96b039a0d97",149
"3fd922e5-5d71-48fa-a68c-3413313c70e2",159
"8a7c4477-b80a-4ca0-a770-6be1ae1255cd",165
"4331bf15-04ac-4d5b-bd1b-ea26e44b04ff",125
"93a863ea-5568-480f-94f3-8162d564e50b",410
"33c9b84a-fbe8-4d8b-b2d8-26b4cd97cbdb",390
"8d12ed89-1c6e-4741-9730-53329b46059b",208
"5edfd8a8-60ad-4700-85f9-a91ce1813a1c",281
"bd1e7bd2-c525-4842-8073-a0919650e65b",281
"5e0b9ca0-07b1-4e07-8f5a-5ba54a015e08",687
"ffce201b-c4da-4699-ab20-8b1e2f4f59ff",360
"fb6f6257-ff4a-412d-af4e-27990e354169",312
"a8549444-2a11-4743-b0cc-9e49e2113f19",327
"fba0acf1-2c75-4386-8556-4230a60b676d",126
"2958ebb3-4462-4c8e-bb97-6538286e8dd6",188
"cb0a0ce6-1a94-47d4-a9e8-5cdfc6b1a28c",131
"880d6837-724c-4769-86d9-853d9bc4405b",140
"f258c693-2f67-482e-a58c-97f8c19632e7",445
"78f2b967-cd8c-45c9-9bb3-ecead3e50381",115
"1e2a7275-9a36-40ff-af9f-577a09f5560f",383
"75a95661-3f27-4aed-9f69-b422e5918e31",303
"8ffd01f3-14a0-4279-84fd-e6b14490645b",156
"7b7c8448-b2e0-45c5-a24a-b83da7f8b32d",474
"37cf4190-30bd-4f11-bd2f-66e231f3e0c4",661
"6b2ff2ce-04cd-449f-9b5d-a2e20e2c374f",263
"49c71ed7-679f-4b36-8292-3c7f5f48c4d5",343
"38849158-8c7e-4d48-bc47-2f3b8ef00ec7",294
"bd1cfa1c-877d-421c-ba94-8e20eb319ebc",688
"7c8f16d2-4c84-4f03-a788-f347a031a427",451
"d352efcd-673a-4b26-b80a-68d532f44898",521
"95215671-9d7e-4714-aa08-0ae0e79c1ce2",324
"4d104fcf-bdad-4418-bd5f-33f30c491aaa",399
"4af53059-5d7b-4fc3-94a6-fd5adac759e1",255
"a9e6c149-82b1-4cc8-8418-50cb9e046b65",479
"592dbc6a-866b-403b-b4c8-34987e4372b0",238
"a0b1c285-145a-4c96-8425-e60714348785",128
"20646976-88b1-4379-8bc8-66a0fdd7ac4e",376
"3a5563cc-6f50-442e-b1f2-d8f8c26beab4",251
"77ff7862-e345-4f30-87d0-d0c4f952a923",670
"f14503b5-60ca-4f54-a1c3-2ec633e1c61f",401
"40d5a90f-d234-4af7-a54f-3f0563dfeafe",433
"57bdcfe5-3fbd-441d-93fe-0ddf91504727",309
"19753348-0157-4596-9b6b-b685eeff761a",199
"d0e9be2b-4fe4-4fdc-b3ce-466e370c5817",633
"1a5ce7f1-ed1e-4edf-9727-da1bd2991edc",277
"98c76211-9a59-478d-946b-c5d43f6f7042",441
"fc964eaf-ad97-441d-8293-b677d62d1f12",149
"76a6ffb8-75c9-44ad-889a-209b05cafa24",258
"2096dc19-2d13-4c84-abf8-de6c1727959b",327
"2014e967-ff11-44b2-9f50-0b6b084272ce",256
"9cfe430a-965f-42e0-8f18-9c88ea2d9ace",246
"16171e3a-7883-4ad8-914f-65a9b0c30d7f",341
"41bd0f1a-bb74-431a-8e20-4572cc7af96e",378
"e41b86e0-ec76-4045-8b6b-7f20b8e1ee8a",437
"7e0147f4-708e-48a8-890c-536e6584da81",385
"f11e6611-f06e-4381-9578-670e59ac513f",349
"c4452b8b-e938-4b7f-8828-42a8a8d9b666",848
"7458fc32-5174-43ee-bb69-4fe31b1c3531",503
"731f211c-d5fe-4b03-8169-b34515847370",121
"083ed00c-1f55-44c3-9d5f-72ac2a5e0648",493
"9fa27bf8-ff42-45d8-ab84-baf9951a0987",316
"30455e3a-1cbe-4ed5-8648-d64db8ea47f7",187
"50d65364-f33d-4823-8230-ccdbe07578a3",114
"0913531f-8721-4358-9fdf-44f1410c817b",531
"74a9629b-fb43-46b2-bee6-93d7b0af6793",162
"91a4f32c-fd46-415a-be56-1c4eecaeec30",414
"e16eac17-f574-492f-ba98-0c397efddb76",289
"25f7ed69-c694-4f9c-8a0f-87caa1ccb80c",735
"974ff951-1d87-4774-a36b-fe6d69b786bd",114
"0e83cc63-3d2b-43aa-92ed-a036ef639b8a",277
"869a86f6-9084-48e4-ac37-a78759d701f4",435
"79181582-7b38-4d5a-968a-711ee2d1aa76",217
"633408f5-f07c-41e6-976e-5dc5f113065a",165
"d29e1486-1ecf-4ca5-a75a-ed240a3a0b33",496
"207e5877-3d98-4386-83ef-534aa067a0eb",575
"e63a1ddc-adcf-4639-8390-976c5001dd09",350
"15214c70-5a6f-4263-a2d1-1b0f21ffb176",330
"211631e5-4646-4f4f-aa81-314188efe43e",279
"8461bace-fc19-4ac7-9950-50a5e88ae3b2",213
"a511a216-ee76-490e-aed0-e3f04df39a39",192
"e46899a9-9f76-4300-8ffe-e8ff093a33e2",256
"76051bd5-76f0-4319-b471-1f2820ad357f",545
"6fefe06b-97a6-4d7a-a42d-1e5e21b189f6",104
"8281e87e-ba8f-4d89-b56a-88bd0d3c1b4a",214
"6c105983-993e-4828-bdea-2f5a11b271d9",136
"da790f96-80e0-4e58-ab95-746b37ec5e8d",535
"0c90b8bc-bed7-4e99-8787-223be98f2bfa",405
"1265079f-ad6f-445c-97b9-813fba2bf620",379
"7bc02748-2302-4688-a24d-4273356e6939",442
"95ea2c56-7b8b-47b0-baf3-a4287df681b7",281
"d9a611ae-fcd1-4634-94df-90b1285ddd25",373
"065cd126-52ff-42e2-8432-e6f5ed498deb",484
"2bd2b82b-5fb2-45a8-8bbf-cee1e2a2e9ce",156
"a151ad5e-e675-4aac-b1e4-ee51a630ba54",152
"e70e71fc-1c24-4ec4-9b8e-0fdd7d6a51ce",468
"01b0f3b0-f711-41ba-a343-2a91f6bb092f",165
"029903b2-a10b-45d5-9f03-1b841d3caa73",293
"b3b9693c-4a37-4107-8541-cae082ac2ea5",552
"f297c51c-c58d-4d1c-bd3c-1e8d7a4c39ac",184
"38d2ffbd-f9b8-42ce-ba83-4a67eb08ff3e",354
"191a8e7a-1085-4e5f-99f4-ec883f8b1459",257
"c4b05c17-b4d7-4be5-bb54-77cf7c20bc7c",384
"2c64924e-4dc0-4452-88eb-255ad468b737",258
"ad7937f0-9824-468a-912f-cd515d956fc1",417
"57dc347e-9b6b-4e74-8e92-2bea2d188a13",190
"8c254d97-d318-48a3-b20e-866d1974f2dd",1138
"fe3f135e-cf5a-4788-9f4d-c3e1dda191c5",171
"b110dc57-39f8-4751-8713-3056c90a29bd",277
"9725cad1-effc-4c51-8b95-c8284131a5ce",114
"0409a629-f574-4ed8-9a8b-c10434372e8d",402
"0818135f-503c-4750-bff5-aa08a53c777e",443
"ffdffb1e-5387-4b92-93ec-9eb94da6da9a",244
"ca5183e4-be01-4b87-a24b-ac956a85a8ea",382
"ba508a74-504f-413f-b7d5-87ee8f04e2fb",114
"c6ddb9bd-1603-4ece-9f40-608b73c04c76",124
"4d885781-a435-47b9-870a-27b9fb2e2974",189
"f373e11a-a8e7-49a4-9bc8-00be5170170e",218
"5b7c4a22-d010-4976-827c-47e4549bc763",582
"6c876db8-20ff-4ef8-ae86-39205dff1148",379
"220567cf-008e-4279-93ed-c6a44dc02c7f",436
"aeef3628-101d-4d89-9797-ab3bb9af6d6f",297
"5b044080-32a8-46c6-9d5d-21bed6bde24b",217
"b6d06eb7-71ea-44fd-88fa-f79ccb973e7a",593
"c5127c39-4709-4ba6-af21-c67273438e03",384
"833891d1-174d-4f05-9c9a-be6cda0f3c3f",162
"093a3018-ffe4-4c50-b857-0c7e42d645ae",289
"b7c7da1f-fee0-451f-adb6-8091d15b1fff",301
"3444492e-fda0-4b60-9c6f-f4be392f18ed",641
"c3c33f0f-f9cc-4829-8956-73b58eec7ab8",489
"637dc019-64e6-4021-a9c9-5af7897a46e2",282
"3969846d-114f-4509-9edf-7142bd4286fd",539
"869f68b9-3618-4140-ac82-493ec77989e2",188
"97cc706c-10dd-42b0-a5d5-663bd47ebcbd",274
"ac35a124-1179-488a-9fd2-01412c70da90",334
"0344a8b8-acb9-4d38-9c6d-2d9fc97392e0",628
"e365cd37-c5f3-47b1-8f69-18e071830dc8",356
"dafb06f8-4cbe-4ef2-95fd-158d298ad567",370
"5b26f843-c979-42e8-82d5-83b0a5fdf509",160
"6a1147f7-a8ca-4523-8ea9-d72a86c463e1",133
"a914b1ce-dffa-43fc-acb4-54ea4b1146e3",279
"91db7991-4159-4c9d-ba2a-8c4bad57249e",220
"c1a03266-c186-4267-90f0-5587909a0c86",647
"05a89355-ba67-4aa8-9e38-ad44591af420",113
"69d50b31-b95e-46b0-8ee2-d088d75d1a6d",126
"7ac3d31a-efd9-4925-8af4-d933800ebbda",105
"cc0cb49a-74d1-431b-a617-126538740001",169
"3b29c3fa-69ef-4131-a5f3-09de8561a845",178
"d00367a2-ebd7-480a-9006-ddf578a32c63",543
"b0a9bcd9-b330-44c6-86d8-4e58599b71a6",177
"3f569364-7554-467a-84f6-248a7b66e78e",224
"22174fef-a1c0-47d0-a164-63b7fa923655",303
"f9b5674c-8e83-4e01-9003-912a13313d1a",298
"92ca8b21-897e-4810-b28b-e672f9e12952",126
"9e29d4d7-3357-459f-9455-6ce8f9a1bb67",587
"d996a7b0-2f62-487d-8aef-aa600a3cfb89",199
"28c4c67b-9150-46d3-ae99-cc9345487638",395
"82087558-9658-449d-8d55-72fea5c71443",478
"bda520bf-0c1b-46ec-bf52-6fb81756f647",182
"bea2a611-4498-41cf-b8aa-f86ecdb245cd",181
"cc3e3c0d-1e7f-4726-bc7f-af73af3e35b5",167
"f1c41cf7-75eb-4249-a040-1435defe1ea8",183
"606a3c22-1544-489f-a236-11a0760ab1ef",127
"79618b27-5598-45a7-968f-c6bb58ec44be",309
"996fdf9a-8df8-4882-a56a-755d5545f69d",328
"503e0f67-9372-44ce-bb6e-2642f2272daf",416
"6b57a66a-3666-4e48-a82c-29d6ee79a24e",285
"ddb9d3ff-18fe-495a-8bf9-ecf590aa6248",313
"22aa6069-5da6-4c8a-a678-497e714f32ba",543
"5aed7013-2b9b-48ac-9302-25f03c6811c2",768
"344c7578-83c5-461b-ad80-599c917b1deb",505
"9fd056b2-6de2-4f51-a497-15dbca67b345",327
"49f3809a-29f1-4c1c-9325-b0d32e4d3e10",131
"8cb11002-3473-4b05-ae41-7d3b418e0166",108
"f8b617db-8af3-488d-9767-e86ebbb8076c",382
"f9a6c9aa-411e-48b8-bb04-1406faf7c819",169
"f91a917b-8c15-4fc1-b91f-214c160c464a",512
"b6a9b4e7-525d-4bd6-8334-51e00b8056e6",362
"aed3a256-f4fa-4b75-8de7-a87456b4e7e3",430
"3b687afa-a963-48c5-a30f-e4a2d4fef836",140
"4bd7147b-3b32-426a-ad3b-0aa6c7ffe241",365
"2ef2d742-78f2-4753-a14e-63f4e0ccc5df",143
"1f2d204e-acea-4a5c-bead-333bfd08c330",265
"52a0842a-6356-4e65-8503-694c2f91dd64",279
"91073b02-9db7-4fdf-97df-67d386922268",366
"efbece4d-ce85-46ca-91e3-783b68255ba0",397
"4c581074-ab40-47f1-8ae8-b596611d54a1",392
"adda3ac4-3b5d-4e3e-ae7b-dab995ac5298",163
"fba2c41e-469a-4da9-91d6-9655bf8b7022",358
"bda9f19a-c0fa-432a-bd16-50f0cfd687b4",1144
"16d1d5bf-53df-4a3c-8786-3346534253ba",274
"2c6cbdef-3c2e-4f51-94c1-6611c36f6996",386
"2cb580ae-92f7-4343-bc51-4e5befc65a7e",201
"da413030-3356-4935-ab3c-1c6a809e1996",441
"143f2031-e33b-48b3-aafd-cb7f9d3fe6c1",468
"c9707075-7ef9-4bd4-8839-7aec1713e22e",499
"1c1768a9-e4ce-4121-85f5-c7a247c18a42",673
"393d7f39-6d82-4e53-9577-ff9c1dbab8ef",130
"f4f43998-d250-4d21-aaeb-0f2683096939",269
"e8458ed4-c543-45a1-8773-9b445d1fe878",1069
"0685c016-ef0a-41be-ba19-7161bbce6d60",117
"7cb3e7f4-abf7-473d-9e53-2e3ec7d6e095",250
"64955a3d-3c87-47f7-9d9b-ceaf4d40c2d8",382
"300e7059-a245-48b4-b00e-fa70686aa761",818
"cbe7c3ab-3f54-40b8-b587-72f161d199df",702
"942c1815-ef3f-42a9-ac90-740d59fff4f9",200
"4f002efc-65a9-4e16-a552-885d50710e4e",206
"c02f957d-a0e4-4392-8ba6-8bca0cc8f704",173
"3c32f5f1-d6b9-4557-9dc6-d4bbd70d6d45",304
"1a866cf0-6472-4739-85e2-1f3b65636506",250
"f60205a4-6fc9-409e-86b7-72b568163ed8",235
"58d7ed17-cf44-4243-800e-398364604534",275
"1b62c22a-19d4-45a4-bac4-559c6da23dd2",418
"7bab89d1-9c94-4fc1-8113-1480ce063388",406
"05a42823-d7de-451b-8b02-0c4d7736b2c1",481
"7fefa7ba-83a1-46ba-92be-bdb835e2ccd6",225
"e7286769-353a-419c-8e23-1fd4845a9cd3",533
"ee689048-18d6-4a03-a692-db578f80b319",245
"599836a5-ba89-4a98-8a26-74f6dd77b4d2",106
"56910843-3506-48aa-a1a2-07fab3c19839",344
"42bd84c9-8ebf-44d6-8a25-004b2db6bdc8",314
"c8044887-121e-42e8-862d-0a88ef1f81b5",236
"a51427af-68a5-40ef-aa35-8c960d8d806d",161
"7a85999d-2888-491f-8420-d15945dd4d05",439
"137cbba6-b92c-416f-9931-a9dcda20e37a",277
"c2a92e70-8bc8-48a4-bb43-325470501e58",316
"cfb4f656-b42b-4a82-8ca9-1f387b7eabe2",216
"f314a454-99b3-48cb-b6dc-926189d2e0b4",275
"599c4b71-8d54-4085-b25e-dfddd80bd3d1",174
"756e2343-40ee-4fec-8855-97725b254023",234
"a26334b0-f203-48f0-8c29-7198ad65b1ed",269
"841965c1-8345-42ce-be48-c86418de04fd",355
"e9bdd89c-9ecf-4f1c-a480-cee5ba62f1d1",606
"d0f8dc84-a942-4e91-970f-dda4869b1085",142
"61559dfa-4d2f-4af6-999d-952c57f012fa",265
"200f9020-6d66-45f5-8e85-e4ee0c14e7bd",141
"b2748fa7-6a92-4d08-bd52-fb01e984b244",125
"be7d87a0-9267-4764-a7e3-c7746c15f568",267
"0af6e1ed-8c57-437a-8746-f323aadb276f",466
"dd8c2c89-7498-4b87-ab6c-ebf82aaa2e0f",257
"e9b18c97-5741-4dec-a3bc-7bc79f49eae4",158
"b399d0f2-7bc4-44e2-bc44-ace72e156c61",230
"b2785241-ee4e-4e32-b4bd-ee7b8f85bd20",405
"bd95c1b3-9dbd-4aa5-afe1-15a00193722c",436
"8f43f2ea-3ab8-4a29-9fd4-b7d9f84f097f",224
"d7360418-cc55-4809-a60a-157a5a066263",193
"99e0c789-5042-4b13-9447-e8935f076b99",100
"ae21d14f-f68b-4919-8f1a-702bda5283e9",124
"46ebabd8-a8ed-4e3e-a2b3-1ed39e8a3b9b",138
"52582c6d-29dd-49b1-b3bc-8dc635646236",278
"812db3bd-f119-4069-ad86-4370d09a7377",206
"b070d009-48a3-403a-9daf-2f4282d712ef",423
"a0d2b37d-5cad-4d8d-b976-843eb4074a68",360
"25704be3-6e34-4205-8985-89a1a2ef5828",294
"9a785495-eaff-443a-a489-46068da22c19",401
"cf998e4a-a1ff-4f69-8bd3-3ba9706c4a60",246
"17e09024-d58f-4170-ae61-895ef83c6f29",408
"9ece2173-d10b-4cf3-a2f2-fe8fab878747",515
"6a852079-94c4-4db1-8796-e094d1c6ce06",111
"41bdb4d3-504b-4c18-9563-c6ddbeb14ea7",253
"d37cc9c7-92f7-443f-96e8-97d00db53f14",399
"7f7e2fbd-a253-4bb9-89ce-d8bbf5d23d98",129
"63766ade-f1f6-456a-abf4-57b8a8375bd6",347
"caef46c7-6756-4b19-9981-2c0973ebe291",346
"167fa860-c7a2-46a4-9614-30f76c31a45f",274
"a3ae5c26-7c22-4838-902b-7dc786b668f3",392
"4cd3f99f-dc5f-4b7d-82ad-a17254f13f8a",369
"98495175-ed5b-4916-b5fe-273348e80c94",201
"ac920bba-1824-44ed-b91d-366d97febb64",157
"d4defce8-55fb-405b-a3e1-f69e27beac09",722
"1b2657a4-2260-45bb-a27c-d174a4b1e26c",207
"ee922d10-64ba-4bbc-a6d9-54bf9e21c9ac",110
"e91d4cb2-7991-45f3-b31b-e7ffc8a217ea",166
"3a2c897d-2a1b-474f-9f0a-3c320c283f98",552
"bfc82464-4783-42b5-ba8d-4e6b34d5815a",300
"8881ee2e-28c4-4521-9bd5-4333bc29ab20",336
"96fc08cc-e9cd-4294-82ff-9e7af0048293",343
"214a143d-8aaa-4922-a7e0-d28d572b680f",358
"2bab574d-ecc3-4730-98d6-e2526f5da8fd",296
"5cc35761-f55f-4fba-bc15-c3b8a63babcc",760
"43752baf-4078-48e2-9b98-2e9b4ce146ef",634
"45e1102d-e110-4bd5-a3e0-d9343ba7e570",377
"3529437c-d862-4d14-a0e0-8e8539bba987",297
"c27972c6-5793-45a4-b8c3-5183f1fe798b",352
"69659afb-d7f8-4443-bf12-5f9e56b745e7",426
"94d7a116-1d27-4cf6-b40f-a4b75efc6919",327
"64511e86-1451-442e-bdc1-07e7564be97d",321
"cc4ee821-605e-45e2-8ca3-c9d83cca92be",421
"26a5da1b-c0d8-49d7-9a73-0a410207a14e",624
"cb6f6673-2f28-441a-8258-9a0e07d81e06",296
"bd558c5f-7b70-4bec-b404-7a530b80604c",241
"b04ae177-f305-4ace-b0d0-f717b3392874",331
"701cec29-55df-4ee2-aeb0-f681c2c1f1e3",852
"707fc989-7f91-4a23-8212-349ee64cbd7b",372
"d673ed1b-796e-458a-adf7-75b6c27682f7",268
"a1badd6e-8d4c-4ff3-a734-48f8e47218d7",209
"5cfbd758-4f88-4484-b933-acf4b2cea710",595
"04abf3c0-5879-4de2-9906-923540aca31c",293
"ac47cad9-32ed-413b-b0a0-a5e3bfa009ee",199
"53cee275-f116-46a7-8346-7c78fed29435",192
"432a09c5-5df1-4661-aa54-2aa7a21929e4",581
"618e56d3-1894-4727-946e-4d21a566463e",424
"0a575654-c198-4403-ac3b-c073caea2c26",400
"c39cee7e-05f1-40c0-859f-fc1176a00fb7",363
"8d3ab6f9-3ae4-45f1-97c2-66a42dfbfdfa",259
"80bea170-6e31-4d84-8412-7441d0088503",233
"83868863-650f-46c1-a5de-bdbe039d61a0",142
"913761de-4e63-4c23-8a37-9b1fe9bf4f76",144
"e51b9721-8d98-49b5-bc6c-e2b335af0bb1",280
"0ebf2669-848c-41c4-b3dc-0c024ad68e60",299
"fb614fcc-e8a9-4472-adfa-50e0c9cb47bf",264
"e3edb88f-c86d-43d3-97f1-a9fedfc4145e",585
"cf67bcde-689f-4228-8607-427f542c3c06",747
"46595d37-ede1-44e2-86ad-0914fdc4c144",160
"09c8a587-b156-47cc-bcde-22cf7737e453",410
"57a7dec3-118f-4826-8995-8bcca637932c",527
"02427067-da8a-4d14-9a14-7faf8fdc49ff",440
"84ac43db-dd20-4fdf-afd4-adec5095101b",278
"6f479a81-7167-4abb-9b1e-396c735733d7",217
"0c4ab62d-1af6-4d1c-ba5d-c88da8767a04",189
"09f57582-6cc3-43af-8ae4-4eb87a1b3326",407
"ef6b7a35-6da8-43f8-8de9-e6fd6caacf95",460
"8ac5fffa-c27a-4850-81c1-873be6347ec5",141
"44eca7eb-87a6-4345-9066-ae9c4e727e9b",256
"d650b68c-6c98-4db6-96ab-721b92546ecf",383
"406844e8-f34d-49e8-acfc-6afac40197d6",157
"79f293c6-dd76-470e-8023-30ce575db156",208
"4d5a5502-7b2b-4e48-8c2e-3fa79cc34c2e",170
"58220da3-96f4-483e-bd84-b5084fa45809",122
"907e13de-26d3-4221-8c00-38070ecf8e73",131
"9b212bbc-f8da-47ff-af89-ba9f091d85be",283
"9ec7e123-78c2-465f-8c90-312147c150f1",241
"c6a359d7-167a-400e-a77c-c942a9f40b1f",732
"ce7ca688-a454-4f86-aeb4-8d587862d10d",147
"4c3682b8-0254-432c-9fd1-e7ff48cd5b97",601
"104c6a4e-1d07-46f3-b6d3-e6e56d311200",131
"032cd0a9-d599-4484-9e04-6aef2b03c06c",150
"0b83a7e0-85ab-423f-bc2d-8d9f6dd0ccf0",644
"125434ab-029a-4e7b-b18e-0fd509eabb86",261
"4109842e-8531-4d09-b2e9-da47064b272c",244
"1ea35cf6-faf7-4e6f-86cc-d0d82dde3c8e",167
"8dd1a409-7b7a-4fd3-8901-bd58eb77b02f",192
"188202b1-d156-48d0-8362-81f72278dc0a",195
"9a133cff-eb53-4e7a-9e9e-7fa8f8cc6cfe",315
"408ccc21-6730-4aab-9f4c-a212939e66dd",600
"a3e4eb68-ee0b-45ce-88d0-53420fcabf95",138
"5ec1568b-a579-453c-b03d-7619f47b1443",219
"7af7483c-ebf6-46c2-bb6f-a56912895012",439
"e68a6e63-fb2e-4a43-b62f-14d883194304",319
"ed8a53c9-24db-4bb8-8e88-d8360b1a8a59",441
"4d46bc49-8a25-4343-ac5a-5655f32e8d09",100
"bbe10789-2b2e-4e2b-a70a-00f1a51ac1f5",236
"e1ca0a88-9935-4f1d-8a56-dc65cf097f6a",336
"d2d15bd6-dddc-4738-84fa-38ac6b7c7718",327
"9912534b-7db0-4f77-9307-fdbd25adffb4",199
"ec1a6c20-bf22-4e96-8c60-9036546a5a2d",282
"f0835b67-9f60-4ff7-8a5e-c467e5a01dca",121
"a939b063-6c24-498a-aaae-45b576d09124",270
"b9121cce-23be-4a5e-84ca-972b8e376783",353
"f6e9e354-66ed-4f1b-880e-6b202528fbcd",229
"7a425e0b-058e-4bf3-b0d9-19fac212d352",203
"1c34ba60-31be-48d2-93c6-7add02ce1f1a",164
"ed4eaeab-4583-4a9f-81af-debd73ebb930",134
"640b7f5e-2079-48b3-991a-a197a44d0fb8",313
"b476647c-9a02-4618-b9ae-f76c8fdffc34",153
"c0f064cf-0fbb-4632-ab99-58ff9d9b9f64",114
"853fc035-3ebc-4765-90d6-0e45685023cf",371
"b7994da7-b885-46ed-afe3-442da68cdd84",496
"5f67e254-6396-4da3-ad8b-2cbfb9c11433",235
"fb19e896-9062-4b93-ba6e-d523a855006b",209
"8977f954-2ccb-4d81-a0a1-1429646616d5",146
"7d71f12b-fd07-48c0-8207-18a1931dc52a",133
"cca084cb-6560-4053-9645-577a7de358b3",164
"b16fff56-50d8-46af-b4e2-0055bf966f58",115
"97d8d930-25e5-475c-8c35-13a8ce3f2928",213
"1addcd10-499c-4f65-89aa-6ff1f3454292",774
"306bca50-2799-4d62-8420-fe7fffbefab2",619
"a9f55f76-dd8f-4c00-9740-df5827750c3d",443
"f913fbd7-793a-4822-9003-de31223b5f53",129
"1445d33f-e993-49f7-8cd2-7c36b3860e83",308
"fb644677-f91a-4974-88f4-517a7cf7e35c",412
"bc28f59a-7ce6-442c-a700-fac018282acd",107
"540c1a4d-68e7-414a-8e8f-a82a54f1f379",342
"24865910-de8b-4d15-8ab3-7fcef38bd7ec",152
"57e30596-736d-4bb6-b30b-c861508e0fec",339
"a5bf07ad-b431-4bd3-be3b-abfef80593e8",723
"15254d60-3677-4a83-a0a7-f68a6cca92ec",183
"2d3f628a-4a9b-4f09-bb9d-33a589a6731a",157
"fab79686-4706-4a74-98aa-a296e0e5299b",224
"618f707c-5481-4667-80be-33c03f8c724e",119
"f2c6d27c-c32f-4aa5-ae7d-7dd3fd5f4eb9",297
"115c6ccd-b4f7-4589-a90b-f662af161d05",329
"23b8686a-7770-4976-8bf9-a9d6c2182470",303
"e1becefe-57a8-4239-8d95-f9dd73ee23cc",391
"25754fe2-6360-4dbc-8ab0-dd4f9061ddbb",295
"276e160f-a6ed-4527-a99c-0f1a8dc57106",285
"58093110-10c5-4ff0-b955-66660087931a",276
"c4c75cf2-11b5-4ae4-a8b4-f0cbee565c25",372
"9d4d9078-6c7d-42c6-8402-7c95f3f2b96a",252
"5ec19ccf-8e29-4ed6-ac3f-0662069dd1e6",151
"19623b42-169b-4a39-90e1-25ee2d8a9d35",503
"1d98b078-f134-486b-a373-112ce67191c2",338
"7a36fbb9-f025-499a-98eb-76ac32b3026e",130
"2bff7102-8946-48b1-a517-5581e5dbc317",201
"dbfe0c34-9a6a-448b-85bc-2e887561f491",172
"3345e1c8-77c1-4b73-afb8-1f91ef689708",455
"f1024525-0c57-4c55-9572-d771f8f450ed",138
"90269694-5182-4ec8-a0ca-c886a9776eae",596
"3a577dc0-0b37-4597-816e-e6176d3192d6",484
"d5ed1ab4-d1f4-470e-8ce2-47dee1d5bf17",218
"11139279-e71d-4637-b868-bc5bf5553f35",255
"6e488f48-c1bc-4d18-b52f-8b331efbdac4",257
"1cebdb3c-a461-459d-a0bb-f89ec11531fb",386
"9067a389-524f-4910-99ee-0a838554f58a",258
"41cb1214-a857-4f91-a680-b7c5e31a23cf",437
"d6ec52cb-4a91-4061-860e-793960a4a321",204
"e5b32faa-c4ca-4566-8496-207fb8731f2e",391
"b708bdc1-dfc7-462e-903b-e8615c639c09",487
"5d22ca09-77a0-4f19-b267-7698a95e8b89",136
"434f81b8-07f5-45ed-a870-3ed42e38f9fe",289
"f10c6ae3-d24d-4141-bad8-632b88d8eb46",407
"915a3aed-a53c-4683-934d-237fb77adf8a",689
"a101de39-a8be-405b-b7aa-775b66330762",216
"cf66a7ea-39f7-4534-8d2e-d51147083c17",275
"80fac40a-69d1-4409-aee4-9918659944bd",240
"54ce0c93-4726-4d84-b1b0-37160e18981f",174
"0efedc51-7cc1-4988-ae6e-8e70a8ca1838",482
"e989adf8-66ea-4942-aaed-7b3b1c51abd1",277
"b6100473-2697-44da-9961-f9e51d5dc9d1",225
"60901984-162c-4d52-9891-3d5f2d14d9bc",418
"9df205eb-3286-47e2-b762-5c423e70c30e",491
"828c57e2-23fd-46df-bf20-4e161e3dce95",621
"aa8aeb57-a57c-4e07-b075-77cb888705a2",317
"4b42a561-fed6-42aa-b922-decda7145f2c",145
"dae72d08-16be-4c90-a7ce-51fa3f9d7e5b",344
"358f06ed-df67-43c7-8c27-2529ba555785",261
"b3056fad-cdf3-4f52-a3c5-65a03af74031",933
"ed3a1002-65b4-4c8e-ae70-540e982f7ac2",435
"a0692d61-b0d5-4e0e-8968-4e59a728281b",677
"b81edd29-f667-4409-bd90-47a8808f4c66",448
"071862ba-dd79-4c42-a5fa-96b378d1bd84",516
"64b9abab-2b0f-42ae-befe-38cd8d54d5ce",227
"cfd257f8-f978-44d1-93eb-8fb8598c4ad7",365
"301f4de2-a9d9-4a1e-ac50-f3cf8d06d0fa",125
"3f927914-f4d3-45cd-9891-5b4835bb4074",348
"666ab981-9238-4bc2-8989-b332d1b0d508",665
"2e6ef9e0-b59c-48d1-ad1b-15a36a1058bb",185
"bd8f8e25-da25-4b5e-bee9-2379dc50da53",112
"76bcdb24-2be6-4bfb-82be-13194c48dbb3",543
"7fbc4ced-e8fc-4789-a281-3cb9adc2d578",176
"39b0e6a8-2583-4668-a57b-c61295c429b1",319
"c7b86462-cfe3-4beb-a578-d1940910d0b9",562
"9de9c250-1e30-48ef-a0db-1ee0e6265eac",250
"88012c56-4c6f-4fc8-95e3-0a7a745e6315",465
"ff278c2f-5470-4688-af59-02f3e9acf733",372
"3439f790-d5ee-4997-954d-56de8afd4542",362
"71ed52fb-6ee2-47f8-9512-66f5fc274c9c",552
"e2e23737-a312-4958-ab9d-981fad6006ae",290
"eced0d34-4354-4044-b75f-5580887e8c14",199
"6dd42c06-dce9-42c5-aeec-b6dd892256a0",179
"9c87d53e-f2e2-48e5-97d7-7b7f6c117fa9",244
"252e00e6-a79e-4373-ae0c-6e161301c679",120
"256d63b1-a5ac-4253-bc76-12e3d378ebc0",299
"eeb9af74-d46b-46d3-81f5-893bb694ea00",279
"02638634-0cfd-4d47-9482-46e124420702",585
"2a06dea4-ad64-463b-b69d-bf7899d836f3",178
"a4b66558-6e2b-43ef-803b-e8a7f532a705",342
"b6aae2bd-af89-4c40-a35a-495bcc2d6ea5",490
"3a54f461-0460-481b-9a52-65d98fea8a06",299
"18344a82-2365-4e95-9035-8832abe29a5f",389
"4b5137d6-d565-407b-9a9b-65848dae46fe",351
"7a0aa095-8a8c-4976-8a6d-ee4b3e399343",322
"8004f9d1-4452-4ece-b967-1a9160351d87",486
"8db80997-6070-445c-996a-9ddc07b9c1fc",189
"35bc1348-5031-4624-844f-426a0b3b62eb",255
"48be9374-4773-45ca-8059-d0e6a2364912",600
"3fae8e9c-b007-4bf0-a371-2e94f9ee99dc",141
"88284b05-f7f7-4942-866b-2a9b1df52b8a",580
"515b85dd-4313-4a42-b0d4-eb37447133ff",310
"d66c62eb-3597-4701-a597-944f09f94cf1",338
"469e7bac-e5dc-4b0d-89c3-dbda6562c467",420
"2dded9a0-4d7e-4466-8b6f-61ecb10213e9",546
"1ad3272c-d2ff-4c29-be28-98c1a011e2c7",639
"ddef5205-f917-453c-8a9d-5cd543513d12",436
"f9c5c9c3-3667-447a-a954-4a81df3282a1",304
"1c9af9f8-bd13-43c6-9e20-230879f4af96",139
"09133f01-902d-4411-9052-4d3401255d70",779
"43af864a-6d2b-48d1-9b7e-96199bf502f7",502
"a5a4ba63-e4c0-4256-b664-f08ee8c600cc",427
"fe6b9f2f-d0bd-4536-b7fd-5304a3161fd0",1172
"fac22954-e509-461f-8bbc-c06f6c877143",382
"7207ae25-ee9d-4bc9-aa8f-8db71a0ea926",334
"d07d1f1b-3b6b-45a7-adf2-6a178f0ac4a0",175
"34b5a54a-b289-44f2-ba10-2f766736d084",254
"e75782f3-9de4-4e85-bd13-532e593e56cf",587
"3fd8abfc-6395-4d44-a801-5eeb103a4641",799
"10cd778f-9fc9-4a53-a0df-0205d2f29111",140
"370d603f-3cbd-4f11-9894-e940f2480e99",571
"ef177ed3-8993-43f5-8e9b-6ac120a0200e",102
"9b19c211-c651-497e-a68b-b64c289094a9",361
"9eefaf8e-aa6d-4720-804e-3d6898c2d1b7",102
"3a4fec12-a049-475f-a4e3-b1b23811d2c8",705
"e553c266-c12e-4c02-b364-bb9da4d687e3",477
"cc26a738-ec47-443c-a30d-e06a88f8000f",338
"aeb36f9d-f586-4496-8da8-366e52d4f3c6",536
"9ae99061-0b9f-4327-bfb7-ffe920023195",184
"1007983f-b881-422c-b702-25d00fefd067",375
"5b8100da-098a-4caf-b646-2424500237cb",376
"b7c4a056-fc24-48ad-a7aa-ecf317285c87",670
"28598855-3cc4-4b99-8080-9af014a8d756",294
"8e37076a-b4c0-40f6-90d3-bc442fe3fb52",507
"805c99bd-a21d-4db0-a32c-26b410d28f4f",264
"9afc2581-a7a6-4432-949a-cd38a264b743",237
"9241816c-ea7a-4a17-acc0-2a22215bd6fb",390
"1140fc1e-45be-4976-abcb-55556cb6bf10",379
"53514c63-8d02-44fc-98a6-5c6e00ee1a5e",389
"998047d9-24ab-4a85-b123-e5ac0d5e5add",121
"b23d2d63-aef3-41a4-abc8-073cd3968f66",827
"dc0f909a-5bbe-4fa7-9a96-d9243c36c752",149
"fa02f3a4-8470-4fc4-919e-f916c0b888ff",385
"c1aa262c-18ba-455f-a411-dd8b320e98ac",252
"1e2d1cb7-400e-4ccc-90f5-b9fdc70b8453",262
"13ced7ef-3b8b-42e2-800c-0e44539ece7d",234
"aabb4c96-2c52-46e8-9447-359359c294ce",133
"90657f0d-5e1f-4438-9a45-820d45c99e2f",139
"b3493ae6-c1f2-45a0-b320-a66b7ed96bf7",243
"79e618a8-9216-48dd-a90b-2053ce89fb85",355
"4baf314b-b347-4ebd-b54b-4593a598133b",534
"1e158abd-8ce8-40e8-8cfa-702479ec5644",138
"111cee69-0a86-4771-8462-c05d1074fcdf",219
"84fda93d-b08b-4779-8804-45c16f090a3a",602
"3b575baa-9556-4740-ba3e-5b136428a396",245
"1e57c7ed-82ac-4c8a-aa94-8e118ba15699",101
"0e03a3b5-f943-4769-8f8f-122467cff317",184
"419ad629-9974-43df-928c-cbf927bf7db2",183
"d387ff57-d848-4dfc-9dba-56c236cc642e",253
"a046ab45-744b-4e4a-b59a-4dac8ac1ba51",239
"79f79d8b-634f-4b80-bc63-2dc121fd42da",123
"c1f7ff50-8aaf-436d-b047-1275648e45e6",223
"6e016931-ed22-4df6-b32b-60610eabe9a4",150
"5701f430-5f08-4543-acf1-b77eb4979bf5",167
"7f48844f-15f1-4f20-98c7-8c1a406cd662",320
"4e4ccc62-401d-47e3-91c7-347e3a70486e",352
"6e2892b2-c0df-4c7d-b495-4f473e31baba",267
"ffce76e8-3659-4945-890d-56b8a67b6712",326
"6f090ac1-4fd1-491c-a199-a38bde477a84",216
"a89c41ad-3368-435a-97cb-ab93eb961712",252
"dee2bf5e-f738-43c3-b54e-95613c2e3507",306
"b5ee39ce-0510-4905-85bf-89ab7082902a",455
"40ddf65e-2b9c-4c0f-939f-550c4b01065e",538
"36f8d529-2453-4a4d-a271-a62bcd6a78f8",349
"dbb12543-a3b2-4601-bbc1-f992254bc6d5",566
"98a049db-d8b8-4a57-8f3c-c4fe3c2d8088",321
"16da8a82-b9ea-405c-ab6b-e8be7051162f",372
"49790fd3-7433-4c34-82aa-09ad65fe9299",328
"23aea0ab-61d5-42de-83db-586958dda434",159
"f29aa23e-6c5a-42f8-9fb7-85f1c81bf820",138
"5310f248-0353-4022-a0d2-ff2c20e98367",192
"4059704f-1bb3-4830-be14-b094c9b2feff",174
"448f85ce-00fc-4384-a6d0-00ee2b634395",622
"e7693399-8195-488b-adbe-e87dc8485149",158
"7a54e125-1fd7-4104-8704-e32a5212b67a",326
"9e9edf8d-2651-4e4c-a6eb-7afebe162ded",365
"7d40fdb9-63e5-448a-abec-731c97444e82",238
"7bc8089e-1f51-4738-82e8-bd4a48c97730",229
"059ca275-4466-4e72-9c77-6a2056e18677",837
"87f5134e-894c-4045-b93e-3bd6dcdaa6f5",164
"3ad4e908-d3ab-44b1-b7d8-643f5ac81786",518
"ec0b9f8b-b1f3-4b13-a82e-33a5e604b6e6",231
"8e1354fd-62a0-41ad-8c9f-3b881414f702",938
"cdec8554-6e22-4a96-9012-2bad737909c3",571
"564a4eae-5793-4ffb-8ccc-3db04054c925",265
"f8864ace-8fa2-4d06-ba03-54e8b9c0788f",581
"79c84b27-c1bd-4897-9e4c-152bf66b491e",478
"20fa4719-50a3-4012-9536-bbaf49d6b4ad",186
"bc0ebad8-8fbf-4d0b-99bf-fb77dcc8d2a9",409
"49903dea-9064-40a4-894f-db3a7346bcba",410
"f84d70ae-ef96-4b2c-a9e6-7d7f0df4f6dd",371
"1864c429-706b-4de2-83ac-69177de12713",516
"6d5a8fac-d47a-47b0-b6ed-385a5300ba19",343
"52a08fe8-5603-4881-84b1-44c7f8b4cd4e",168
"04b20869-aff5-49ea-82cb-645309f2acff",517
"8cc107f7-2a87-44ff-bae6-f1cf4fde5b85",698
"dc3a34c4-0d3c-4c8b-ad21-1e8f7ccf88d2",340
"1aeb7bfc-35fe-4b41-9120-8a86c882a705",532
"176e3b34-3925-4b3a-b122-152294f47d5e",373
"7746c1f1-cd6c-42fb-b15a-db6c4f11e3b8",107
"1e57202b-7b71-483c-a5c9-8a392506465f",716
"62478e9a-d5a2-4508-84f6-6f4388a78455",316
"f713504e-dbaa-4608-af70-7c105433ae5e",346
"fad0159e-db66-4b5f-91bf-dd8d6f2fc725",295
"e36f675f-7451-4610-a1af-7d8acb2a0f57",947
"6772be05-c29f-4346-8027-31c173b6c7ed",253
"bc3ba286-8212-4e15-997d-ae068b9bc3d4",181
"d08a9f4d-9add-4524-a69e-183fdc750574",289
"8d40a4b8-9d54-4434-9466-50ba33ef311e",198
"80976be6-3c56-4562-bcc6-1ce7f1592b1a",704
"6de0fe62-a5b4-418f-b187-b053db845b77",475
"44f87fe1-99fd-4735-b564-bfe537126e38",547
"785f7860-f164-4a8b-a068-29f7904942ba",319
"862eeabb-14de-4a22-94a8-3e5bc0b52865",199
"e5f5a817-314a-4ac2-ac89-d99949428b0c",188
"bc10ad4a-fe37-4861-b3fb-ed0a5841d2ef",136
"4c75452d-ea55-4f5a-9f33-0ac40cf9ac82",322
"8abd36c2-a898-4ef1-b8c4-9e8e56f476de",650
"970f02cc-3db3-4051-99cc-1fd29b9fa90d",307
"b5c20e7f-2d56-46a6-a60c-399ace4917da",900
"7c134f72-88c2-40df-8de8-f018bf1853ab",466
"7cdb518a-7f43-46b6-a642-2f5eff88f95c",286
"975632ac-3033-430c-b57a-773ccbed83b0",206
"679b09bc-6948-4cb7-a737-a77bbc8f68c2",109
"35e9cc95-9149-4e91-997f-a6aa47754245",334
"61d2496f-8717-4547-8237-b15d005a68a6",328
"87d72968-b612-4376-9054-0c6d33041b29",278
"e05515f0-6dbe-4cc4-92b8-f28c59ffadfa",137
"1d6fd5b9-d7f0-43c7-acd3-2b530a2e3b2d",315
"711aab5c-d493-4446-913e-ac0ec03620c6",922
"5c2eedd4-7dda-430e-9c77-4e4a5f8a1972",683
"5dfcbb06-2dc5-42c3-8561-86b2791862a5",242
"d1641eda-6466-4865-8626-8e7d55096c66",350
"e4a6843b-5ef7-4d74-b719-0ec4253f5250",245
"9fb663f1-ba5e-4fb0-a5ce-2911dc4d4a67",135
"0477d26c-43ca-4e05-bb38-55cb90a49596",158
"0430c43e-cb2e-42f0-bf70-550741346f68",185
"68474231-4206-4cde-9b00-38e702bfc771",282
"a176cb28-6c98-49ef-b73c-72058f798bc6",589
"3d40e081-c5d9-4379-ae8f-61065445df11",479
"a4f88077-f48f-4baa-90e6-4d921852283e",282
"045f5cd4-8401-4afd-b235-8743f36ba171",231
"5c9a4cdd-ddb6-4f47-b293-d323e83a23d3",398
"2cb3e4f4-a0f4-41d3-b5a2-9ac5bade4105",677
"97c25f4d-d61a-4c1b-93d7-2fae53d8f338",712
"336e5be0-2524-4c0e-a1d1-318018a94986",905
"1b3ecff4-2da4-4de3-b4d7-ae8b19b17bc2",228
"5feb7305-c9a0-491d-b534-f9794259633f",247
"0962821f-6608-4b89-ae22-9cf27d18af5f",325
"1e100b9b-9308-4fc1-b169-658faf84f547",456
"2f9be765-520b-4e65-a0f1-5d23c818be7c",299
"121540e0-9c2d-4a67-b001-2bfc90a7a1d0",367
"86553579-17d3-4405-ba2e-5dbc784e368b",271
"ee962962-980a-48a1-be3c-2f5beea9ad41",246
"894805ca-2c47-4eba-92ba-5456733c3025",226
"6ddeefef-fd17-4711-b4d8-77b16b3cbed7",141
"7e940d9b-f42a-4d25-bb53-4650ef3f6718",254
"b1fbfbbc-92c6-45b5-8320-fd395a50c66a",832
"f696b7a0-c63a-4053-97b9-b2985f5f7021",338
"9a5d468f-1c84-49af-a0aa-02d527488d5f",412
"c2cf232a-5818-40d1-901c-9a81ce698e5a",479
"8d3a3e82-bd86-401d-ba72-159d59bb5fb7",361
"cdfd282c-d0ab-4126-a394-43bfe4828e8e",276
"b49f0060-1a28-4839-adff-1f0069e3bd51",142
"5d9eb98b-0a6f-4d4a-9d63-704ad422175a",186
"f401422d-d6cd-44d2-a927-1380e79aafa9",467
"d106f54d-f4d0-40b8-bc7d-13dfe349fc4e",350
"bd06e234-c66c-43ff-88a3-41b0fefe1ef1",381
"eabf9451-e626-4bcd-860c-5d60217cb42a",320
"83fa7e3e-86a5-4262-91dd-305a93d94d83",332
"f8e85882-e1c3-4d67-a90f-73b1592a9cc9",256
"15d891a3-1898-458c-beaf-049cb9872174",329
"6491f600-38d5-4fbb-8b7a-75493b52f470",196
"51c722fb-d9b6-4c3f-be96-c3cc33649378",323
"a0275ca6-5044-4970-99bb-c7e7b5ed8bd6",284
"776ecb2d-d586-4fba-9dc4-85b8f18388b2",650
"d92d2996-1c5c-4fc6-97b3-6274e1157ba4",167
"e1cda53a-a9d9-4be6-ac8a-26222d636c44",225
"a398023b-d405-4856-8a9d-55e1f9a6c309",159
"afe8ae79-45a8-4d8d-84c6-ece91bb96d3e",645
"8ace2067-09d7-4eba-a1e0-f1dd8baf732a",480
"f61d8db9-5e07-4472-96d4-903a046ce166",233
"ba1fa7ca-e50e-4bb9-add5-4fc3751447f4",132
"1218d62b-3597-4191-bbdb-5bd632d7fdf6",531
"254fba33-1c16-4b66-9eff-530db790b3ca",187
"db856654-3fce-4eb2-b052-46bda344f88c",390
"f1299b4d-8792-4899-a652-11bf8ea8fc4e",486
"132f3ea3-8d39-4c9f-b15f-f1ca3b3ec903",760
"676dfe74-8595-4310-9058-5d38a51eb793",262
"85bac91c-f32c-4e80-855d-e4ce8079494c",131
"58a94d8f-6ec1-418a-b6c9-b9a8753a1f64",465
"8811b34e-4ba2-4f17-8e58-8da8332ebb3a",377
"59bc5356-62d5-4408-80c9-c939c2813adb",276
"f3831a3c-dcc3-4652-81ea-7d7e686b593f",123
"f0d6c967-ce14-4795-8916-2fb2155c9878",339
"8ba0f6b4-1a54-4c7c-97fd-1f2721540a0b",418
"01eb97e0-2824-4b45-9eb8-5c334a3f2fae",565
"51e878e3-0762-4854-91fc-18d8ce79d391",101
"2b1cea57-739c-4db1-bd27-b32cc84ac53d",434
"56068ff6-7f23-40d0-82f0-92634d1815a4",494
"8d5c4266-2691-4e5a-a803-7c413abaae94",304
"eadd402a-a60c-4993-bb51-2a9d05cb793d",333
"0b638f4c-a6a2-4b7b-8d96-05d2fdf2eb97",294
"6c406138-4663-4566-8e81-38090d1652bc",265
"84437ce5-aadc-4be7-a3ac-5a71d0534d87",383
"907e9409-ee3b-4c87-bca9-9174adb2121d",164
"1aaad96d-4de8-4ef6-a070-31c1b9240d1f",654
"56326057-0ae0-4155-869f-a3de80c1a7d9",370
"368f09b1-e629-4d50-b1c6-57f0ea4d7eff",710
"4c9edfcb-656d-44a3-90de-6dda116b0f06",705
"1e11833a-2ca6-4a26-9fa4-a06a45d2871e",279
"654f9d0b-ca12-4214-8147-048e1c8a77e3",312
"2712f0a0-3658-478d-9ab1-951edbf5a5e6",390
"199a925e-77dd-4b7e-9194-f8eb124c6e5d",396
"e36dc6c0-ba04-4797-8e01-66fd7ebd04b4",535
"86a6082b-1b45-464a-9941-29a0fe116203",624
"9646e51c-b09c-4d34-88a1-9ae4c56dab5b",214
"d58882e4-c05e-496d-9680-caca3626fcff",146
"b4e0b824-cd61-4086-8977-ece8b5bfa00a",355
"b7fc376e-3c88-4a04-baa0-c52511731f20",252
"92e8bfdf-2dfb-4917-a9fc-367cff2b7241",365
"0b61d21e-e4a3-44de-badc-906b668bc208",145
"d0296650-3397-4bd6-8f24-3488d85e0266",211
"41d3cbee-0750-444d-91c0-78c07f5f4c91",557
"8603e8f1-67dd-435e-b3d5-8669d6d0dcfc",401
"4b6d7d5b-fd5b-472a-a16c-d7bb0205dc35",741
"14def8f5-76d1-4c2f-8a19-2a84eec0d95a",283
"1d0bb2fb-3948-4e99-b2b0-e88aed601466",274
"2fde6c4e-c0ac-4943-915b-e9a56406e2b2",180
"546b073e-d505-443b-930a-8798ef603aac",485
"8cf4c241-7c11-433d-964f-bc99f6a29061",206
"7dbec2ab-fd03-491b-b33b-8a858dc9f0c2",169
"162276f6-624b-418a-b623-cd1bc1d9ab29",297
"5612f82b-399f-432b-8215-c32f94ddea47",885
"6761e418-9aa9-4f0e-aad8-3d21691f60c8",348
"55c0f8b9-d113-4fe3-a85c-9a2ee7b8714c",167
"133f5bcf-23fa-49a6-9647-fb370b8def79",182
"52fee033-fea8-44bd-8f9f-3ed7f00a3c02",542
"628ac80a-618b-4764-9642-5f8403c8a386",428
"c5f89dd6-6ae7-4a46-8b8d-75ab79dd43bd",357
"0583b3b2-bc27-48da-9040-4743219e0f7e",136
"865e3def-4b39-4d07-9bfc-1cd7373360d3",305
"0d7af84f-02e7-4674-b8ba-6ee5b6c9eb6e",211
"981236ed-9e84-4c2d-a5b9-3230f3a17572",746
"f5773103-fec2-4cba-b9e2-f9090d564789",332
"da9a8758-a79f-4a50-b345-dcc6f955eaef",186
"abd7050c-eaa8-44b4-8fc0-c40105ac8eb9",482
"10c6c0c8-9854-4bfd-84e0-f63364e3ce2d",910
"459e337f-0193-4396-be89-f9a6f499db60",286
"24137d2a-39df-47da-9fd8-c227b7c4bf84",694
"8432cd65-3006-412f-88da-83244d0ca13c",459
"f0bc8994-91ca-46d7-8d42-9fa9742f6379",138
"d99e0380-d9d4-43b8-8068-01a76867ec6c",147
"0abd5df8-4225-4191-991b-543529538a35",153
"1d5790b3-0a2b-44ce-a1b2-aa6c6cc0fc3c",240
"3fc47c53-07b8-4458-8bc0-b91e4be7df0d",547
"6f20344d-f8cd-4e78-bf81-a554e8562a8a",424
"1728801b-5303-4cff-ad7b-62582ca68c04",253
